simulation_id,time,action,state,expected_value
0.0_5,1,A_dependent,s1,7.1902
0.0_5,1,A_dependent,s2,8.1902
0.0_5,1,A_dependent,s3,12.285300000000001
0.0_5,1,A_independent,s1,8.1902
0.0_5,1,A_independent,s2,8.1902
0.0_5,1,A_independent,s3,11.285300000000001
0.0_5,2,A_dependent,s1,7.1902
0.0_5,2,A_dependent,s2,8.1902
0.0_5,2,A_dependent,s3,12.285300000000001
0.0_5,2,A_independent,s1,8.1902
0.0_5,2,A_independent,s2,8.1902
0.0_5,2,A_independent,s3,11.285300000000001
0.0_5,3,A_dependent,s1,7.1902
0.0_5,3,A_dependent,s2,8.1902
0.0_5,3,A_dependent,s3,12.285300000000001
0.0_5,3,A_independent,s1,8.1902
0.0_5,3,A_independent,s2,8.1902
0.0_5,3,A_independent,s3,11.285300000000001
0.0_5,4,A_dependent,s1,7.1902
0.0_5,4,A_dependent,s2,8.1902
0.0_5,4,A_dependent,s3,12.285300000000001
0.0_5,4,A_independent,s1,8.1902
0.0_5,4,A_independent,s2,8.1902
0.0_5,4,A_independent,s3,11.285300000000001
0.0_5,5,A_dependent,s1,7.1902
0.0_5,5,A_dependent,s2,8.1902
0.0_5,5,A_dependent,s3,12.285300000000001
0.0_5,5,A_independent,s1,8.1902
0.0_5,5,A_independent,s2,8.1902
0.0_5,5,A_independent,s3,11.285300000000001
0.0_10,1,A_dependent,s1,12.026431198000001
0.0_10,1,A_dependent,s2,13.026431198000001
0.0_10,1,A_dependent,s3,19.539646797000003
0.0_10,1,A_independent,s1,13.026431198000001
0.0_10,1,A_independent,s2,13.026431198000001
0.0_10,1,A_independent,s3,18.539646797000003
0.0_10,2,A_dependent,s1,12.026431198000001
0.0_10,2,A_dependent,s2,13.026431198000001
0.0_10,2,A_dependent,s3,19.539646797000003
0.0_10,2,A_independent,s1,13.026431198000001
0.0_10,2,A_independent,s2,13.026431198000001
0.0_10,2,A_independent,s3,18.539646797000003
0.0_10,3,A_dependent,s1,12.026431198000001
0.0_10,3,A_dependent,s2,13.026431198000001
0.0_10,3,A_dependent,s3,19.539646797000003
0.0_10,3,A_independent,s1,13.026431198000001
0.0_10,3,A_independent,s2,13.026431198000001
0.0_10,3,A_independent,s3,18.539646797000003
0.0_10,4,A_dependent,s1,12.026431198000001
0.0_10,4,A_dependent,s2,13.026431198000001
0.0_10,4,A_dependent,s3,19.539646797000003
0.0_10,4,A_independent,s1,13.026431198000001
0.0_10,4,A_independent,s2,13.026431198000001
0.0_10,4,A_independent,s3,18.539646797000003
0.0_10,5,A_dependent,s1,12.026431198000001
0.0_10,5,A_dependent,s2,13.026431198000001
0.0_10,5,A_dependent,s3,19.539646797000003
0.0_10,5,A_independent,s1,13.026431198000001
0.0_10,5,A_independent,s2,13.026431198000001
0.0_10,5,A_independent,s3,18.539646797000003
0.0_10,6,A_dependent,s1,12.026431198000001
0.0_10,6,A_dependent,s2,13.026431198000001
0.0_10,6,A_dependent,s3,19.539646797000003
0.0_10,6,A_independent,s1,13.026431198000001
0.0_10,6,A_independent,s2,13.026431198000001
0.0_10,6,A_independent,s3,18.539646797000003
0.0_10,7,A_dependent,s1,12.026431198000001
0.0_10,7,A_dependent,s2,13.026431198000001
0.0_10,7,A_dependent,s3,19.539646797000003
0.0_10,7,A_independent,s1,13.026431198000001
0.0_10,7,A_independent,s2,13.026431198000001
0.0_10,7,A_independent,s3,18.539646797000003
0.0_10,8,A_dependent,s1,12.026431198000001
0.0_10,8,A_dependent,s2,13.026431198000001
0.0_10,8,A_dependent,s3,19.539646797000003
0.0_10,8,A_independent,s1,13.026431198000001
0.0_10,8,A_independent,s2,13.026431198000001
0.0_10,8,A_independent,s3,18.539646797000003
0.0_10,9,A_dependent,s1,12.026431198000001
0.0_10,9,A_dependent,s2,13.026431198000001
0.0_10,9,A_dependent,s3,19.539646797000003
0.0_10,9,A_independent,s1,13.026431198000001
0.0_10,9,A_independent,s2,13.026431198000001
0.0_10,9,A_independent,s3,18.539646797000003
0.0_10,10,A_dependent,s1,12.026431198000001
0.0_10,10,A_dependent,s2,13.026431198000001
0.0_10,10,A_dependent,s3,19.539646797000003
0.0_10,10,A_independent,s1,13.026431198000001
0.0_10,10,A_independent,s2,13.026431198000001
0.0_10,10,A_independent,s3,18.539646797000003
0.0_20,1,A_dependent,s1,16.568466908188615
0.0_20,1,A_dependent,s2,17.568466908188615
0.0_20,1,A_dependent,s3,26.352700362282928
0.0_20,1,A_independent,s1,17.568466908188615
0.0_20,1,A_independent,s2,17.568466908188615
0.0_20,1,A_independent,s3,25.352700362282928
0.0_20,2,A_dependent,s1,16.298296564654017
0.0_20,2,A_dependent,s2,17.298296564654017
0.0_20,2,A_dependent,s3,25.947444846981032
0.0_20,2,A_independent,s1,17.298296564654017
0.0_20,2,A_independent,s2,17.298296564654017
0.0_20,2,A_independent,s3,24.947444846981032
0.0_20,3,A_dependent,s1,15.998107294060022
0.0_20,3,A_dependent,s2,16.99810729406002
0.0_20,3,A_dependent,s3,25.497160941090034
0.0_20,3,A_independent,s1,16.99810729406002
0.0_20,3,A_independent,s2,16.99810729406002
0.0_20,3,A_independent,s3,24.497160941090034
0.0_20,4,A_dependent,s1,15.664563660066689
0.0_20,4,A_dependent,s2,16.66456366006669
0.0_20,4,A_dependent,s3,24.996845490100036
0.0_20,4,A_independent,s1,16.66456366006669
0.0_20,4,A_independent,s2,16.66456366006669
0.0_20,4,A_independent,s3,23.996845490100036
0.0_20,5,A_dependent,s1,15.293959622296319
0.0_20,5,A_dependent,s2,16.29395962229632
0.0_20,5,A_dependent,s3,24.440939433444484
0.0_20,5,A_independent,s1,16.29395962229632
0.0_20,5,A_independent,s2,16.29395962229632
0.0_20,5,A_independent,s3,23.440939433444484
0.0_20,6,A_dependent,s1,14.88217735810702
0.0_20,6,A_dependent,s2,15.88217735810702
0.0_20,6,A_dependent,s3,23.823266037160536
0.0_20,6,A_independent,s1,15.88217735810702
0.0_20,6,A_independent,s2,15.88217735810702
0.0_20,6,A_independent,s3,22.823266037160536
0.0_20,7,A_dependent,s1,14.4246415090078
0.0_20,7,A_dependent,s2,15.4246415090078
0.0_20,7,A_dependent,s3,23.136962263511705
0.0_20,7,A_independent,s1,15.4246415090078
0.0_20,7,A_independent,s2,15.4246415090078
0.0_20,7,A_independent,s3,22.136962263511705
0.0_20,8,A_dependent,s1,13.916268343342
0.0_20,8,A_dependent,s2,14.916268343342
0.0_20,8,A_dependent,s3,22.374402515013006
0.0_20,8,A_independent,s1,14.916268343342
0.0_20,8,A_independent,s2,14.916268343342
0.0_20,8,A_independent,s3,21.374402515013006
0.0_20,9,A_dependent,s1,13.351409270380001
0.0_20,9,A_dependent,s2,14.351409270380001
0.0_20,9,A_dependent,s3,21.527113905570005
0.0_20,9,A_independent,s1,14.351409270380001
0.0_20,9,A_independent,s2,14.351409270380001
0.0_20,9,A_independent,s3,20.527113905570005
0.0_20,10,A_dependent,s1,12.723788078200002
0.0_20,10,A_dependent,s2,13.723788078200002
0.0_20,10,A_dependent,s3,20.585682117300003
0.0_20,10,A_independent,s1,13.723788078200002
0.0_20,10,A_independent,s2,13.723788078200002
0.0_20,10,A_independent,s3,19.585682117300003
0.0_20,11,A_dependent,s1,12.026431198000001
0.0_20,11,A_dependent,s2,13.026431198000001
0.0_20,11,A_dependent,s3,19.539646797000003
0.0_20,11,A_independent,s1,13.026431198000001
0.0_20,11,A_independent,s2,13.026431198000001
0.0_20,11,A_independent,s3,18.539646797000003
0.0_20,12,A_dependent,s1,11.25159022
0.0_20,12,A_dependent,s2,12.25159022
0.0_20,12,A_dependent,s3,18.377385330000003
0.0_20,12,A_independent,s1,12.25159022
0.0_20,12,A_independent,s2,12.25159022
0.0_20,12,A_independent,s3,17.377385330000003
0.0_20,13,A_dependent,s1,10.390655800000001
0.0_20,13,A_dependent,s2,11.390655800000001
0.0_20,13,A_dependent,s3,17.0859837
0.0_20,13,A_independent,s1,11.390655800000001
0.0_20,13,A_independent,s2,11.390655800000001
0.0_20,13,A_independent,s3,16.0859837
0.0_20,14,A_dependent,s1,9.434062
0.0_20,14,A_dependent,s2,10.434062
0.0_20,14,A_dependent,s3,15.651093000000001
0.0_20,14,A_independent,s1,10.434062
0.0_20,14,A_independent,s2,10.434062
0.0_20,14,A_independent,s3,14.651093000000001
0.0_20,15,A_dependent,s1,8.37118
0.0_20,15,A_dependent,s2,9.37118
0.0_20,15,A_dependent,s3,14.056770000000002
0.0_20,15,A_independent,s1,9.37118
0.0_20,15,A_independent,s2,9.37118
0.0_20,15,A_independent,s3,13.056770000000002
0.0_20,16,A_dependent,s1,7.1902
0.0_20,16,A_dependent,s2,8.1902
0.0_20,16,A_dependent,s3,12.285300000000001
0.0_20,16,A_independent,s1,8.1902
0.0_20,16,A_independent,s2,8.1902
0.0_20,16,A_independent,s3,11.285300000000001
0.0_20,17,A_dependent,s1,5.878
0.0_20,17,A_dependent,s2,6.878
0.0_20,17,A_dependent,s3,10.317
0.0_20,17,A_independent,s1,6.878
0.0_20,17,A_independent,s2,6.878
0.0_20,17,A_independent,s3,9.317
0.0_20,18,A_dependent,s1,4.42
0.0_20,18,A_dependent,s2,5.42
0.0_20,18,A_dependent,s3,8.129999999999999
0.0_20,18,A_independent,s1,5.42
0.0_20,18,A_independent,s2,5.42
0.0_20,18,A_independent,s3,7.13
0.0_20,19,A_dependent,s1,2.8
0.0_20,19,A_dependent,s2,3.8
0.0_20,19,A_dependent,s3,5.7
0.0_20,19,A_independent,s1,3.8
0.0_20,19,A_independent,s2,3.8
0.0_20,19,A_independent,s3,4.7
0.0_20,20,A_dependent,s1,1.0
0.0_20,20,A_dependent,s2,2.0
0.0_20,20,A_dependent,s3,3.0
0.0_20,20,A_independent,s1,2.0
0.0_20,20,A_independent,s2,2.0
0.0_20,20,A_independent,s3,2.0
0.1_5,1,A_dependent,s1,7.22993131
0.1_5,1,A_dependent,s2,8.857291790000001
0.1_5,1,A_dependent,s3,12.285300000000001
0.1_5,1,A_independent,s1,8.1902
0.1_5,1,A_independent,s2,8.5875131
0.1_5,1,A_independent,s3,11.285300000000001
0.1_5,2,A_dependent,s1,7.22993131
0.1_5,2,A_dependent,s2,8.857291790000001
0.1_5,2,A_dependent,s3,12.285300000000001
0.1_5,2,A_independent,s1,8.1902
0.1_5,2,A_independent,s2,8.5875131
0.1_5,2,A_independent,s3,11.285300000000001
0.1_5,3,A_dependent,s1,7.22993131
0.1_5,3,A_dependent,s2,8.857291790000001
0.1_5,3,A_dependent,s3,12.285300000000001
0.1_5,3,A_independent,s1,8.1902
0.1_5,3,A_independent,s2,8.5875131
0.1_5,3,A_independent,s3,11.285300000000001
0.1_5,4,A_dependent,s1,7.22993131
0.1_5,4,A_dependent,s2,8.857291790000001
0.1_5,4,A_dependent,s3,12.285300000000001
0.1_5,4,A_independent,s1,8.1902
0.1_5,4,A_independent,s2,8.5875131
0.1_5,4,A_independent,s3,11.285300000000001
0.1_5,5,A_dependent,s1,7.22993131
0.1_5,5,A_dependent,s2,8.857291790000001
0.1_5,5,A_dependent,s3,12.285300000000001
0.1_5,5,A_independent,s1,8.1902
0.1_5,5,A_independent,s2,8.5875131
0.1_5,5,A_independent,s3,11.285300000000001
0.1_10,1,A_dependent,s1,12.17516600619858
0.1_10,1,A_dependent,s2,14.916366031687211
0.1_10,1,A_dependent,s3,19.539646797000003
0.1_10,1,A_independent,s1,13.026431198000001
0.1_10,1,A_independent,s2,14.513779279985789
0.1_10,1,A_independent,s3,18.539646797000003
0.1_10,2,A_dependent,s1,12.17516600619858
0.1_10,2,A_dependent,s2,14.916366031687211
0.1_10,2,A_dependent,s3,19.539646797000003
0.1_10,2,A_independent,s1,13.026431198000001
0.1_10,2,A_independent,s2,14.513779279985789
0.1_10,2,A_independent,s3,18.539646797000003
0.1_10,3,A_dependent,s1,12.17516600619858
0.1_10,3,A_dependent,s2,14.916366031687211
0.1_10,3,A_dependent,s3,19.539646797000003
0.1_10,3,A_independent,s1,13.026431198000001
0.1_10,3,A_independent,s2,14.513779279985789
0.1_10,3,A_independent,s3,18.539646797000003
0.1_10,4,A_dependent,s1,12.17516600619858
0.1_10,4,A_dependent,s2,14.916366031687211
0.1_10,4,A_dependent,s3,19.539646797000003
0.1_10,4,A_independent,s1,13.026431198000001
0.1_10,4,A_independent,s2,14.513779279985789
0.1_10,4,A_independent,s3,18.539646797000003
0.1_10,5,A_dependent,s1,12.17516600619858
0.1_10,5,A_dependent,s2,14.916366031687211
0.1_10,5,A_dependent,s3,19.539646797000003
0.1_10,5,A_independent,s1,13.026431198000001
0.1_10,5,A_independent,s2,14.513779279985789
0.1_10,5,A_independent,s3,18.539646797000003
0.1_10,6,A_dependent,s1,12.17516600619858
0.1_10,6,A_dependent,s2,14.916366031687211
0.1_10,6,A_dependent,s3,19.539646797000003
0.1_10,6,A_independent,s1,13.026431198000001
0.1_10,6,A_independent,s2,14.513779279985789
0.1_10,6,A_independent,s3,18.539646797000003
0.1_10,7,A_dependent,s1,12.17516600619858
0.1_10,7,A_dependent,s2,14.916366031687211
0.1_10,7,A_dependent,s3,19.539646797000003
0.1_10,7,A_independent,s1,13.026431198000001
0.1_10,7,A_independent,s2,14.513779279985789
0.1_10,7,A_independent,s3,18.539646797000003
0.1_10,8,A_dependent,s1,12.17516600619858
0.1_10,8,A_dependent,s2,14.916366031687211
0.1_10,8,A_dependent,s3,19.539646797000003
0.1_10,8,A_independent,s1,13.026431198000001
0.1_10,8,A_independent,s2,14.513779279985789
0.1_10,8,A_independent,s3,18.539646797000003
0.1_10,9,A_dependent,s1,12.17516600619858
0.1_10,9,A_dependent,s2,14.916366031687211
0.1_10,9,A_dependent,s3,19.539646797000003
0.1_10,9,A_independent,s1,13.026431198000001
0.1_10,9,A_independent,s2,14.513779279985789
0.1_10,9,A_independent,s3,18.539646797000003
0.1_10,10,A_dependent,s1,12.17516600619858
0.1_10,10,A_dependent,s2,14.916366031687211
0.1_10,10,A_dependent,s3,19.539646797000003
0.1_10,10,A_independent,s1,13.026431198000001
0.1_10,10,A_independent,s2,14.513779279985789
0.1_10,10,A_independent,s3,18.539646797000003
0.1_20,1,A_dependent,s1,16.88184983426555
0.1_20,1,A_dependent,s2,21.16733658829048
0.1_20,1,A_dependent,s3,26.352700362282928
0.1_20,1,A_independent,s1,17.568466908188615
0.1_20,1,A_independent,s2,20.702296168957982
0.1_20,1,A_independent,s3,25.352700362282928
0.1_20,2,A_dependent,s1,16.60019852951327
0.1_20,2,A_dependent,s2,20.780329076619978
0.1_20,2,A_dependent,s3,25.947444846981032
0.1_20,2,A_independent,s1,17.298296564654017
0.1_20,2,A_independent,s2,20.317316213246528
0.1_20,2,A_independent,s3,24.947444846981032
0.1_20,3,A_dependent,s1,16.287502950894563
0.1_20,3,A_dependent,s2,20.35257357027392
0.1_20,3,A_dependent,s3,25.497160941090034
0.1_20,3,A_independent,s1,16.99810729406002
0.1_20,3,A_independent,s2,19.89206386240546
0.1_20,3,A_independent,s3,24.497160941090034
0.1_20,4,A_dependent,s1,15.94037245063983
0.1_20,4,A_dependent,s2,19.88007095822829
0.1_20,4,A_dependent,s3,24.996845490100036
0.1_20,4,A_independent,s1,16.66456366006669
0.1_20,4,A_independent,s2,19.4226515657981
0.1_20,4,A_independent,s3,23.996845490100036
0.1_20,5,A_dependent,s1,15.55505341522571
0.1_20,5,A_dependent,s2,19.358501739775665
0.1_20,5,A_dependent,s3,24.440939433444484
0.1_20,5,A_independent,s1,16.29395962229632
0.1_20,5,A_independent,s2,18.904897551590242
0.1_20,5,A_independent,s3,23.440939433444484
0.1_20,6,A_dependent,s1,15.127392166524194
0.1_20,6,A_dependent,s2,18.783219501766936
0.1_20,6,A_dependent,s3,23.823266037160536
0.1_20,6,A_independent,s1,15.88217735810702
0.1_20,6,A_independent,s2,18.33432544227876
0.1_20,6,A_independent,s3,22.823266037160536
0.1_20,7,A_dependent,s1,14.652794498670318
0.1_20,7,A_dependent,s2,18.149250491420844
0.1_20,7,A_dependent,s3,23.136962263511705
0.1_20,7,A_independent,s1,15.4246415090078
0.1_20,7,A_independent,s2,17.706171405632972
0.1_20,7,A_independent,s3,22.136962263511705
0.1_20,8,A_dependent,s1,14.126181654598147
0.1_20,8,A_dependent,s2,17.45130156181441
0.1_20,8,A_dependent,s3,22.374402515013006
0.1_20,8,A_independent,s1,14.916268343342
0.1_20,8,A_independent,s2,17.015401455903458
0.1_20,8,A_independent,s3,21.374402515013006
0.1_20,9,A_dependent,s1,13.5419425661077
0.1_20,9,A_dependent,s2,16.683779395448283
0.1_20,9,A_dependent,s3,21.527113905570005
0.1_20,9,A_independent,s1,14.351409270380001
0.1_20,9,A_independent,s2,16.25674222765698
0.1_20,9,A_independent,s3,20.527113905570005
0.1_20,10,A_dependent,s1,12.893882213231851
0.1_20,10,A_dependent,s2,15.840824697396643
0.1_20,10,A_dependent,s3,20.585682117300003
0.1_20,10,A_independent,s1,13.723788078200002
0.1_20,10,A_independent,s2,15.424729428518491
0.1_20,10,A_independent,s3,19.585682117300003
0.1_20,11,A_dependent,s1,12.17516600619858
0.1_20,11,A_dependent,s2,14.916366031687211
0.1_20,11,A_dependent,s3,19.539646797000003
0.1_20,11,A_independent,s1,13.026431198000001
0.1_20,11,A_independent,s2,14.513779279985789
0.1_20,11,A_independent,s3,18.539646797000003
0.1_20,12,A_dependent,s1,11.378260160998247
0.1_20,12,A_dependent,s2,13.904199199984209
0.1_20,12,A_dependent,s3,18.377385330000003
0.1_20,12,A_independent,s1,12.25159022
0.1_20,12,A_independent,s2,13.518289629982453
0.1_20,12,A_independent,s3,17.377385330000003
0.1_20,13,A_dependent,s1,10.494868133207712
0.1_20,13,A_dependent,s2,12.798099588869393
0.1_20,13,A_dependent,s3,17.0859837
0.1_20,13,A_independent,s1,11.390655800000001
0.1_20,13,A_independent,s2,12.432779132077103
0.1_20,13,A_independent,s3,16.0859837
0.1_20,14,A_dependent,s1,9.515863301491
0.1_20,14,A_dependent,s2,11.591976813419002
0.1_20,14,A_dependent,s3,15.651093000000001
0.1_20,14,A_independent,s1,10.434062
0.1_20,14,A_independent,s2,11.252075014910002
0.1_20,14,A_independent,s3,14.651093000000001
0.1_20,15,A_dependent,s1,8.4312182611
0.1_20,15,A_dependent,s2,10.280083349900002
0.1_20,15,A_dependent,s3,14.056770000000002
0.1_20,15,A_independent,s1,9.37118
0.1_20,15,A_independent,s2,9.971562611000001
0.1_20,15,A_independent,s3,13.056770000000002
0.1_20,16,A_dependent,s1,7.22993131
0.1_20,16,A_dependent,s2,8.857291790000001
0.1_20,16,A_dependent,s3,12.285300000000001
0.1_20,16,A_independent,s1,8.1902
0.1_20,16,A_independent,s2,8.5875131
0.1_20,16,A_independent,s3,11.285300000000001
0.1_20,17,A_dependent,s1,5.899951000000001
0.1_20,17,A_dependent,s2,7.319459
0.1_20,17,A_dependent,s3,10.317
0.1_20,17,A_independent,s1,6.878
0.1_20,17,A_independent,s2,7.097510000000001
0.1_20,17,A_independent,s3,9.317
0.1_20,18,A_dependent,s1,4.428100000000001
0.1_20,18,A_dependent,s2,5.663900000000001
0.1_20,18,A_dependent,s3,8.129999999999999
0.1_20,18,A_independent,s1,5.42
0.1_20,18,A_independent,s2,5.501
0.1_20,18,A_independent,s3,7.13
0.1_20,19,A_dependent,s1,2.8
0.1_20,19,A_dependent,s2,3.89
0.1_20,19,A_dependent,s3,5.7
0.1_20,19,A_independent,s1,3.8
0.1_20,19,A_independent,s2,3.8
0.1_20,19,A_independent,s3,4.7
0.1_20,20,A_dependent,s1,1.0
0.1_20,20,A_dependent,s2,2.0
0.1_20,20,A_dependent,s3,3.0
0.1_20,20,A_independent,s1,2.0
0.1_20,20,A_independent,s2,2.0
0.1_20,20,A_independent,s3,2.0
0.2_5,1,A_dependent,s1,7.33912336
0.2_5,1,A_dependent,s2,9.404913440000001
0.2_5,1,A_dependent,s3,12.285300000000001
0.2_5,1,A_independent,s1,8.1902
0.2_5,1,A_independent,s2,8.9348168
0.2_5,1,A_independent,s3,11.285300000000001
0.2_5,2,A_dependent,s1,7.33912336
0.2_5,2,A_dependent,s2,9.404913440000001
0.2_5,2,A_dependent,s3,12.285300000000001
0.2_5,2,A_independent,s1,8.1902
0.2_5,2,A_independent,s2,8.9348168
0.2_5,2,A_independent,s3,11.285300000000001
0.2_5,3,A_dependent,s1,7.33912336
0.2_5,3,A_dependent,s2,9.404913440000001
0.2_5,3,A_dependent,s3,12.285300000000001
0.2_5,3,A_independent,s1,8.1902
0.2_5,3,A_independent,s2,8.9348168
0.2_5,3,A_independent,s3,11.285300000000001
0.2_5,4,A_dependent,s1,7.33912336
0.2_5,4,A_dependent,s2,9.404913440000001
0.2_5,4,A_dependent,s3,12.285300000000001
0.2_5,4,A_independent,s1,8.1902
0.2_5,4,A_independent,s2,8.9348168
0.2_5,4,A_independent,s3,11.285300000000001
0.2_5,5,A_dependent,s1,7.33912336
0.2_5,5,A_dependent,s2,9.404913440000001
0.2_5,5,A_dependent,s3,12.285300000000001
0.2_5,5,A_independent,s1,8.1902
0.2_5,5,A_independent,s2,8.9348168
0.2_5,5,A_independent,s3,11.285300000000001
0.2_10,1,A_dependent,s1,12.519644909252007
0.2_10,1,A_dependent,s2,16.10192916280802
0.2_10,1,A_dependent,s3,19.539646797000003
0.2_10,1,A_independent,s1,13.026431198000001
0.2_10,1,A_independent,s2,15.492499754260024
0.2_10,1,A_independent,s3,18.539646797000003
0.2_10,2,A_dependent,s1,12.519644909252007
0.2_10,2,A_dependent,s2,16.10192916280802
0.2_10,2,A_dependent,s3,19.539646797000003
0.2_10,2,A_independent,s1,13.026431198000001
0.2_10,2,A_independent,s2,15.492499754260024
0.2_10,2,A_independent,s3,18.539646797000003
0.2_10,3,A_dependent,s1,12.519644909252007
0.2_10,3,A_dependent,s2,16.10192916280802
0.2_10,3,A_dependent,s3,19.539646797000003
0.2_10,3,A_independent,s1,13.026431198000001
0.2_10,3,A_independent,s2,15.492499754260024
0.2_10,3,A_independent,s3,18.539646797000003
0.2_10,4,A_dependent,s1,12.519644909252007
0.2_10,4,A_dependent,s2,16.10192916280802
0.2_10,4,A_dependent,s3,19.539646797000003
0.2_10,4,A_independent,s1,13.026431198000001
0.2_10,4,A_independent,s2,15.492499754260024
0.2_10,4,A_independent,s3,18.539646797000003
0.2_10,5,A_dependent,s1,12.519644909252007
0.2_10,5,A_dependent,s2,16.10192916280802
0.2_10,5,A_dependent,s3,19.539646797000003
0.2_10,5,A_independent,s1,13.026431198000001
0.2_10,5,A_independent,s2,15.492499754260024
0.2_10,5,A_independent,s3,18.539646797000003
0.2_10,6,A_dependent,s1,12.519644909252007
0.2_10,6,A_dependent,s2,16.10192916280802
0.2_10,6,A_dependent,s3,19.539646797000003
0.2_10,6,A_independent,s1,13.026431198000001
0.2_10,6,A_independent,s2,15.492499754260024
0.2_10,6,A_independent,s3,18.539646797000003
0.2_10,7,A_dependent,s1,12.519644909252007
0.2_10,7,A_dependent,s2,16.10192916280802
0.2_10,7,A_dependent,s3,19.539646797000003
0.2_10,7,A_independent,s1,13.026431198000001
0.2_10,7,A_independent,s2,15.492499754260024
0.2_10,7,A_independent,s3,18.539646797000003
0.2_10,8,A_dependent,s1,12.519644909252007
0.2_10,8,A_dependent,s2,16.10192916280802
0.2_10,8,A_dependent,s3,19.539646797000003
0.2_10,8,A_independent,s1,13.026431198000001
0.2_10,8,A_independent,s2,15.492499754260024
0.2_10,8,A_independent,s3,18.539646797000003
0.2_10,9,A_dependent,s1,12.519644909252007
0.2_10,9,A_dependent,s2,16.10192916280802
0.2_10,9,A_dependent,s3,19.539646797000003
0.2_10,9,A_independent,s1,13.026431198000001
0.2_10,9,A_independent,s2,15.492499754260024
0.2_10,9,A_independent,s3,18.539646797000003
0.2_10,10,A_dependent,s1,12.519644909252007
0.2_10,10,A_dependent,s2,16.10192916280802
0.2_10,10,A_dependent,s3,19.539646797000003
0.2_10,10,A_independent,s1,13.026431198000001
0.2_10,10,A_independent,s2,15.492499754260024
0.2_10,10,A_independent,s3,18.539646797000003
0.2_20,1,A_dependent,s1,17.483707959181906
0.2_20,1,A_dependent,s2,22.786277802980635
0.2_20,1,A_dependent,s3,26.352700362282928
0.2_20,1,A_independent,s1,17.568466908188615
0.2_20,1,A_independent,s2,22.144672163155057
0.2_20,1,A_independent,s3,25.352700362282928
0.2_20,2,A_dependent,s1,17.187007276917235
0.2_20,2,A_dependent,s2,22.382969070172287
0.2_20,2,A_dependent,s3,25.947444846981032
0.2_20,2,A_independent,s1,17.298296564654017
0.2_20,2,A_independent,s2,21.741850125970096
0.2_20,2,A_independent,s3,24.947444846981032
0.2_20,3,A_dependent,s1,16.857475045407433
0.2_20,3,A_dependent,s2,21.935389028855663
0.2_20,3,A_dependent,s3,25.497160941090034
0.2_20,3,A_independent,s1,16.99810729406002
0.2_20,3,A_independent,s2,21.29494605079707
0.2_20,3,A_independent,s3,24.497160941090034
0.2_20,4,A_dependent,s1,16.491515889880873
0.2_20,4,A_dependent,s2,21.438828945330076
0.2_20,4,A_dependent,s3,24.996845490100036
0.2_20,4,A_independent,s1,16.66456366006669
0.2_20,4,A_independent,s2,20.799324809137584
0.2_20,4,A_independent,s3,23.996845490100036
0.2_20,5,A_dependent,s1,16.085155395369718
0.2_20,5,A_dependent,s2,20.888138676819537
0.2_20,5,A_dependent,s3,24.440939433444484
0.2_20,5,A_independent,s1,16.29395962229632
0.2_20,5,A_independent,s2,20.2499384876633
0.2_20,5,A_independent,s3,23.440939433444484
0.2_20,6,A_dependent,s1,15.634005942311838
0.2_20,6,A_dependent,s2,20.277709430736998
0.2_20,6,A_dependent,s3,23.823266037160536
0.2_20,6,A_independent,s1,15.88217735810702
0.2_20,6,A_independent,s2,19.641320279131108
0.2_20,6,A_independent,s3,22.823266037160536
0.2_20,7,A_dependent,s1,15.13323183823374
0.2_20,7,A_dependent,s2,19.601466976812343
0.2_20,7,A_dependent,s3,23.136962263511705
0.2_20,7,A_independent,s1,15.4246415090078
0.2_20,7,A_independent,s2,18.967593155137504
0.2_20,7,A_independent,s3,22.136962263511705
0.2_20,8,A_dependent,s1,14.57751486979448
0.2_20,8,A_dependent,s2,18.852881283486113
0.2_20,8,A_dependent,s3,22.374402515013006
0.2_20,8,A_independent,s1,14.916268343342
0.2_20,8,A_independent,s2,18.22250097560439
0.2_20,8,A_independent,s3,21.374402515013006
0.2_20,9,A_dependent,s1,13.961021992026723
0.2_20,9,A_dependent,s2,18.025001084004877
0.2_20,9,A_dependent,s3,21.527113905570005
0.2_20,9,A_independent,s1,14.351409270380001
0.2_20,9,A_independent,s2,17.399472878613597
0.2_20,9,A_independent,s3,20.527113905570005
0.2_20,10,A_dependent,s1,13.277377711865444
0.2_20,10,A_dependent,s2,17.110525420681775
0.2_20,10,A_dependent,s3,20.585682117300003
0.2_20,10,A_independent,s1,13.723788078200002
0.2_20,10,A_independent,s2,16.491736246527218
0.2_20,10,A_independent,s3,19.585682117300003
0.2_20,11,A_dependent,s1,12.519644909252007
0.2_20,11,A_dependent,s2,16.10192916280802
0.2_20,11,A_dependent,s3,19.539646797000003
0.2_20,11,A_independent,s1,13.026431198000001
0.2_20,11,A_independent,s2,15.492499754260024
0.2_20,11,A_independent,s3,18.539646797000003
0.2_20,12,A_dependent,s1,11.680319507905564
0.2_20,12,A_dependent,s2,14.991666393622248
0.2_20,12,A_dependent,s3,18.377385330000003
0.2_20,12,A_independent,s1,12.25159022
0.2_20,12,A_independent,s2,14.39523665952781
0.2_20,12,A_independent,s3,17.377385330000003
0.2_20,13,A_dependent,s1,10.751346749313281
0.2_20,13,A_dependent,s2,13.772485177253122
0.2_20,13,A_dependent,s3,17.0859837
0.2_20,13,A_independent,s1,11.390655800000001
0.2_20,13,A_independent,s2,13.194110546566401
0.2_20,13,A_independent,s3,16.0859837
0.2_20,14,A_dependent,s1,9.724170101824
0.2_20,14,A_dependent,s2,12.437900607296001
0.2_20,14,A_dependent,s3,15.651093000000001
0.2_20,14,A_independent,s1,10.434062
0.2_20,14,A_independent,s2,11.884602509120002
0.2_20,14,A_independent,s3,14.651093000000001
0.2_20,15,A_dependent,s1,8.5898284192
0.2_20,15,A_dependent,s2,10.982891676800001
0.2_20,15,A_dependent,s3,14.056770000000002
0.2_20,15,A_independent,s1,9.37118
0.2_20,15,A_independent,s2,10.464422096000002
0.2_20,15,A_independent,s3,13.056770000000002
0.2_20,16,A_dependent,s1,7.33912336
0.2_20,16,A_dependent,s2,9.404913440000001
0.2_20,16,A_dependent,s3,12.285300000000001
0.2_20,16,A_independent,s1,8.1902
0.2_20,16,A_independent,s2,8.9348168
0.2_20,16,A_independent,s3,11.285300000000001
0.2_20,17,A_dependent,s1,5.962888
0.2_20,17,A_dependent,s2,7.705352
0.2_20,17,A_dependent,s3,10.317
0.2_20,17,A_independent,s1,6.878
0.2_20,17,A_independent,s2,7.302440000000001
0.2_20,17,A_independent,s3,9.317
0.2_20,18,A_dependent,s1,4.452400000000001
0.2_20,18,A_dependent,s2,5.8916
0.2_20,18,A_dependent,s3,8.129999999999999
0.2_20,18,A_independent,s1,5.42
0.2_20,18,A_independent,s2,5.582000000000001
0.2_20,18,A_independent,s3,7.13
0.2_20,19,A_dependent,s1,2.8
0.2_20,19,A_dependent,s2,3.9800000000000004
0.2_20,19,A_dependent,s3,5.7
0.2_20,19,A_independent,s1,3.8
0.2_20,19,A_independent,s2,3.8
0.2_20,19,A_independent,s3,4.7
0.2_20,20,A_dependent,s1,1.0
0.2_20,20,A_dependent,s2,2.0
0.2_20,20,A_dependent,s3,3.0
0.2_20,20,A_independent,s1,2.0
0.2_20,20,A_independent,s2,2.0
0.2_20,20,A_independent,s3,2.0
0.3_5,1,A_dependent,s1,7.50395431
0.3_5,1,A_dependent,s2,9.85082339
0.3_5,1,A_dependent,s3,12.285300000000001
0.3_5,1,A_independent,s1,8.1902
0.3_5,1,A_independent,s2,9.2360477
0.3_5,1,A_independent,s3,11.285300000000001
0.3_5,2,A_dependent,s1,7.50395431
0.3_5,2,A_dependent,s2,9.85082339
0.3_5,2,A_dependent,s3,12.285300000000001
0.3_5,2,A_independent,s1,8.1902
0.3_5,2,A_independent,s2,9.2360477
0.3_5,2,A_independent,s3,11.285300000000001
0.3_5,3,A_dependent,s1,7.50395431
0.3_5,3,A_dependent,s2,9.85082339
0.3_5,3,A_dependent,s3,12.285300000000001
0.3_5,3,A_independent,s1,8.1902
0.3_5,3,A_independent,s2,9.2360477
0.3_5,3,A_independent,s3,11.285300000000001
0.3_5,4,A_dependent,s1,7.50395431
0.3_5,4,A_dependent,s2,9.85082339
0.3_5,4,A_dependent,s3,12.285300000000001
0.3_5,4,A_independent,s1,8.1902
0.3_5,4,A_independent,s2,9.2360477
0.3_5,4,A_independent,s3,11.285300000000001
0.3_5,5,A_dependent,s1,7.50395431
0.3_5,5,A_dependent,s2,9.85082339
0.3_5,5,A_dependent,s3,12.285300000000001
0.3_5,5,A_independent,s1,8.1902
0.3_5,5,A_independent,s2,9.2360477
0.3_5,5,A_independent,s3,11.285300000000001
0.3_10,1,A_dependent,s1,12.962074606949598
0.3_10,1,A_dependent,s2,16.863563831915727
0.3_10,1,A_dependent,s3,19.539646797000003
0.3_10,1,A_independent,s1,13.026431198000001
0.3_10,1,A_independent,s2,16.145242561165322
0.3_10,1,A_independent,s3,18.539646797000003
0.3_10,2,A_dependent,s1,12.962074606949598
0.3_10,2,A_dependent,s2,16.863563831915727
0.3_10,2,A_dependent,s3,19.539646797000003
0.3_10,2,A_independent,s1,13.026431198000001
0.3_10,2,A_independent,s2,16.145242561165322
0.3_10,2,A_independent,s3,18.539646797000003
0.3_10,3,A_dependent,s1,12.962074606949598
0.3_10,3,A_dependent,s2,16.863563831915727
0.3_10,3,A_dependent,s3,19.539646797000003
0.3_10,3,A_independent,s1,13.026431198000001
0.3_10,3,A_independent,s2,16.145242561165322
0.3_10,3,A_independent,s3,18.539646797000003
0.3_10,4,A_dependent,s1,12.962074606949598
0.3_10,4,A_dependent,s2,16.863563831915727
0.3_10,4,A_dependent,s3,19.539646797000003
0.3_10,4,A_independent,s1,13.026431198000001
0.3_10,4,A_independent,s2,16.145242561165322
0.3_10,4,A_independent,s3,18.539646797000003
0.3_10,5,A_dependent,s1,12.962074606949598
0.3_10,5,A_dependent,s2,16.863563831915727
0.3_10,5,A_dependent,s3,19.539646797000003
0.3_10,5,A_independent,s1,13.026431198000001
0.3_10,5,A_independent,s2,16.145242561165322
0.3_10,5,A_independent,s3,18.539646797000003
0.3_10,6,A_dependent,s1,12.962074606949598
0.3_10,6,A_dependent,s2,16.863563831915727
0.3_10,6,A_dependent,s3,19.539646797000003
0.3_10,6,A_independent,s1,13.026431198000001
0.3_10,6,A_independent,s2,16.145242561165322
0.3_10,6,A_independent,s3,18.539646797000003
0.3_10,7,A_dependent,s1,12.962074606949598
0.3_10,7,A_dependent,s2,16.863563831915727
0.3_10,7,A_dependent,s3,19.539646797000003
0.3_10,7,A_independent,s1,13.026431198000001
0.3_10,7,A_independent,s2,16.145242561165322
0.3_10,7,A_independent,s3,18.539646797000003
0.3_10,8,A_dependent,s1,12.962074606949598
0.3_10,8,A_dependent,s2,16.863563831915727
0.3_10,8,A_dependent,s3,19.539646797000003
0.3_10,8,A_independent,s1,13.026431198000001
0.3_10,8,A_independent,s2,16.145242561165322
0.3_10,8,A_independent,s3,18.539646797000003
0.3_10,9,A_dependent,s1,12.962074606949598
0.3_10,9,A_dependent,s2,16.863563831915727
0.3_10,9,A_dependent,s3,19.539646797000003
0.3_10,9,A_independent,s1,13.026431198000001
0.3_10,9,A_independent,s2,16.145242561165322
0.3_10,9,A_independent,s3,18.539646797000003
0.3_10,10,A_dependent,s1,12.962074606949598
0.3_10,10,A_dependent,s2,16.863563831915727
0.3_10,10,A_dependent,s3,19.539646797000003
0.3_10,10,A_independent,s1,13.026431198000001
0.3_10,10,A_independent,s2,16.145242561165322
0.3_10,10,A_independent,s3,18.539646797000003
0.3_20,1,A_dependent,s1,18.98469015354221
0.3_20,1,A_dependent,s2,23.650259845439646
0.3_20,1,A_dependent,s3,26.352700362282928
0.3_20,1,A_independent,s1,18.72642487031249
0.3_20,1,A_independent,s2,22.92064248107824
0.3_20,1,A_independent,s3,25.352700362282928
0.3_20,2,A_dependent,s1,18.58491652256943
0.3_20,2,A_dependent,s2,23.245158312309155
0.3_20,2,A_dependent,s3,25.947444846981032
0.3_20,2,A_independent,s1,18.32890634353907
0.3_20,2,A_independent,s2,22.515606940306924
0.3_20,2,A_independent,s3,24.947444846981032
0.3_20,3,A_dependent,s1,18.14322927059897
0.3_20,3,A_dependent,s2,22.79511882256325
0.3_20,3,A_dependent,s3,25.497160941090034
0.3_20,3,A_independent,s1,17.89075372928246
0.3_20,3,A_independent,s2,22.065672200337485
0.3_20,3,A_independent,s3,24.497160941090034
0.3_20,4,A_dependent,s1,17.656393032536066
0.3_20,4,A_dependent,s2,22.295191333708317
0.3_20,4,A_dependent,s3,24.996845490100036
0.3_20,4,A_independent,s1,17.40945676892195
0.3_20,4,A_independent,s2,21.56591098096901
0.3_20,4,A_independent,s3,23.996845490100036
0.3_20,5,A_dependent,s1,17.1216186321355
0.3_20,5,A_dependent,s2,21.739901089965567
0.3_20,5,A_dependent,s3,24.440939433444484
0.3_20,5,A_independent,s1,16.883361764316703
0.3_20,5,A_independent,s2,21.010884657046034
0.3_20,5,A_independent,s3,23.440939433444484
0.3_20,6,A_dependent,s1,16.53706862701856
0.3_20,6,A_dependent,s2,21.12320517449559
0.3_20,6,A_dependent,s3,23.823266037160536
0.3_20,6,A_independent,s1,16.31240904063013
0.3_20,6,A_independent,s2,20.3946076619249
0.3_20,6,A_independent,s3,22.823266037160536
0.3_20,7,A_dependent,s1,15.902676711811255
0.3_20,7,A_dependent,s2,20.438452957694334
0.3_20,7,A_dependent,s3,23.136962263511705
0.3_20,7,A_independent,s1,15.699315131991082
0.3_20,7,A_independent,s2,19.710520398058318
0.3_20,7,A_independent,s3,22.136962263511705
0.3_20,8,A_dependent,s1,15.221461257767869
0.3_20,8,A_dependent,s2,19.678355997842576
0.3_20,8,A_dependent,s3,22.374402515013006
0.3_20,8,A_independent,s1,15.051453688644708
0.3_20,8,A_independent,s2,18.951478919055248
0.3_20,8,A_independent,s3,21.374402515013006
0.3_20,9,A_dependent,s1,14.50161520960523
0.3_20,9,A_dependent,s2,18.834976576728053
0.3_20,9,A_dependent,s3,21.527113905570005
0.3_20,9,A_independent,s1,14.383832500421523
0.3_20,9,A_independent,s2,18.10977486436722
0.3_20,9,A_independent,s3,20.527113905570005
0.3_20,10,A_dependent,s1,13.759813889357247
0.3_20,10,A_dependent,s2,17.89974984929691
0.3_20,10,A_dependent,s3,20.585682117300003
0.3_20,10,A_independent,s1,13.723788078200002
0.3_20,10,A_independent,s2,17.177207448724154
0.3_20,10,A_independent,s3,19.585682117300003
0.3_20,11,A_dependent,s1,12.962074606949598
0.3_20,11,A_dependent,s2,16.863563831915727
0.3_20,11,A_dependent,s3,19.539646797000003
0.3_20,11,A_independent,s1,13.026431198000001
0.3_20,11,A_independent,s2,16.145242561165322
0.3_20,11,A_independent,s3,18.539646797000003
0.3_20,12,A_dependent,s1,12.07770768831682
0.3_20,12,A_dependent,s2,15.71693617907258
0.3_20,12,A_dependent,s3,18.377385330000003
0.3_20,12,A_independent,s1,12.25159022
0.3_20,12,A_independent,s2,15.005315114389399
0.3_20,12,A_independent,s3,17.377385330000003
0.3_20,13,A_dependent,s1,11.09826835304257
0.3_20,13,A_dependent,s2,14.450350127099332
0.3_20,13,A_dependent,s3,17.0859837
0.3_20,13,A_independent,s1,11.390655800000001
0.3_20,13,A_independent,s2,13.749364310141901
0.3_20,13,A_independent,s3,16.0859837
0.3_20,14,A_dependent,s1,10.015066828639
0.3_20,14,A_dependent,s2,13.054849233491002
0.3_20,14,A_dependent,s3,15.651093000000001
0.3_20,14,A_independent,s1,10.434062
0.3_20,14,A_independent,s2,12.37074476213
0.3_20,14,A_independent,s3,14.651093000000001
0.3_20,15,A_dependent,s1,8.8195483153
0.3_20,15,A_dependent,s2,11.5230497357
0.3_20,15,A_dependent,s3,14.056770000000002
0.3_20,15,A_independent,s1,9.37118
0.3_20,15,A_independent,s2,10.865741051
0.3_20,15,A_independent,s3,13.056770000000002
0.3_20,16,A_dependent,s1,7.50395431
0.3_20,16,A_dependent,s2,9.85082339
0.3_20,16,A_dependent,s3,12.285300000000001
0.3_20,16,A_independent,s1,8.1902
0.3_20,16,A_independent,s2,9.2360477
0.3_20,16,A_independent,s3,11.285300000000001
0.3_20,17,A_dependent,s1,6.062436999999999
0.3_20,17,A_dependent,s2,8.040053
0.3_20,17,A_dependent,s3,10.317
0.3_20,17,A_independent,s1,6.878
0.3_20,17,A_independent,s2,7.49279
0.3_20,17,A_independent,s3,9.317
0.3_20,18,A_dependent,s1,4.4929
0.3_20,18,A_dependent,s2,6.1031
0.3_20,18,A_dependent,s3,8.129999999999999
0.3_20,18,A_independent,s1,5.42
0.3_20,18,A_independent,s2,5.663
0.3_20,18,A_independent,s3,7.13
0.3_20,19,A_dependent,s1,2.8
0.3_20,19,A_dependent,s2,4.07
0.3_20,19,A_dependent,s3,5.7
0.3_20,19,A_independent,s1,3.8
0.3_20,19,A_independent,s2,3.8
0.3_20,19,A_independent,s3,4.7
0.3_20,20,A_dependent,s1,1.0
0.3_20,20,A_dependent,s2,2.0
0.3_20,20,A_dependent,s3,3.0
0.3_20,20,A_independent,s1,2.0
0.3_20,20,A_independent,s2,2.0
0.3_20,20,A_independent,s3,2.0
0.4_5,1,A_dependent,s1,7.712176960000001
0.4_5,1,A_dependent,s2,10.211205439999999
0.4_5,1,A_dependent,s3,12.285300000000001
0.4_5,1,A_independent,s1,8.1902
0.4_5,1,A_independent,s2,9.495142399999999
0.4_5,1,A_independent,s3,11.285300000000001
0.4_5,2,A_dependent,s1,7.712176960000001
0.4_5,2,A_dependent,s2,10.211205439999999
0.4_5,2,A_dependent,s3,12.285300000000001
0.4_5,2,A_independent,s1,8.1902
0.4_5,2,A_independent,s2,9.495142399999999
0.4_5,2,A_independent,s3,11.285300000000001
0.4_5,3,A_dependent,s1,7.712176960000001
0.4_5,3,A_dependent,s2,10.211205439999999
0.4_5,3,A_dependent,s3,12.285300000000001
0.4_5,3,A_independent,s1,8.1902
0.4_5,3,A_independent,s2,9.495142399999999
0.4_5,3,A_independent,s3,11.285300000000001
0.4_5,4,A_dependent,s1,7.712176960000001
0.4_5,4,A_dependent,s2,10.211205439999999
0.4_5,4,A_dependent,s3,12.285300000000001
0.4_5,4,A_independent,s1,8.1902
0.4_5,4,A_independent,s2,9.495142399999999
0.4_5,4,A_independent,s3,11.285300000000001
0.4_5,5,A_dependent,s1,7.712176960000001
0.4_5,5,A_dependent,s2,10.211205439999999
0.4_5,5,A_dependent,s3,12.285300000000001
0.4_5,5,A_independent,s1,8.1902
0.4_5,5,A_independent,s2,9.495142399999999
0.4_5,5,A_independent,s3,11.285300000000001
0.4_10,1,A_dependent,s1,13.630692771931868
0.4_10,1,A_dependent,s2,17.370317069157934
0.4_10,1,A_dependent,s3,19.539646797000003
0.4_10,1,A_independent,s1,13.323978675044296
0.4_10,1,A_independent,s2,16.590763917263224
0.4_10,1,A_independent,s3,18.539646797000003
0.4_10,2,A_dependent,s1,13.630692771931868
0.4_10,2,A_dependent,s2,17.370317069157934
0.4_10,2,A_dependent,s3,19.539646797000003
0.4_10,2,A_independent,s1,13.323978675044296
0.4_10,2,A_independent,s2,16.590763917263224
0.4_10,2,A_independent,s3,18.539646797000003
0.4_10,3,A_dependent,s1,13.630692771931868
0.4_10,3,A_dependent,s2,17.370317069157934
0.4_10,3,A_dependent,s3,19.539646797000003
0.4_10,3,A_independent,s1,13.323978675044296
0.4_10,3,A_independent,s2,16.590763917263224
0.4_10,3,A_independent,s3,18.539646797000003
0.4_10,4,A_dependent,s1,13.630692771931868
0.4_10,4,A_dependent,s2,17.370317069157934
0.4_10,4,A_dependent,s3,19.539646797000003
0.4_10,4,A_independent,s1,13.323978675044296
0.4_10,4,A_independent,s2,16.590763917263224
0.4_10,4,A_independent,s3,18.539646797000003
0.4_10,5,A_dependent,s1,13.630692771931868
0.4_10,5,A_dependent,s2,17.370317069157934
0.4_10,5,A_dependent,s3,19.539646797000003
0.4_10,5,A_independent,s1,13.323978675044296
0.4_10,5,A_independent,s2,16.590763917263224
0.4_10,5,A_independent,s3,18.539646797000003
0.4_10,6,A_dependent,s1,13.630692771931868
0.4_10,6,A_dependent,s2,17.370317069157934
0.4_10,6,A_dependent,s3,19.539646797000003
0.4_10,6,A_independent,s1,13.323978675044296
0.4_10,6,A_independent,s2,16.590763917263224
0.4_10,6,A_independent,s3,18.539646797000003
0.4_10,7,A_dependent,s1,13.630692771931868
0.4_10,7,A_dependent,s2,17.370317069157934
0.4_10,7,A_dependent,s3,19.539646797000003
0.4_10,7,A_independent,s1,13.323978675044296
0.4_10,7,A_independent,s2,16.590763917263224
0.4_10,7,A_independent,s3,18.539646797000003
0.4_10,8,A_dependent,s1,13.630692771931868
0.4_10,8,A_dependent,s2,17.370317069157934
0.4_10,8,A_dependent,s3,19.539646797000003
0.4_10,8,A_independent,s1,13.323978675044296
0.4_10,8,A_independent,s2,16.590763917263224
0.4_10,8,A_independent,s3,18.539646797000003
0.4_10,9,A_dependent,s1,13.630692771931868
0.4_10,9,A_dependent,s2,17.370317069157934
0.4_10,9,A_dependent,s3,19.539646797000003
0.4_10,9,A_independent,s1,13.323978675044296
0.4_10,9,A_independent,s2,16.590763917263224
0.4_10,9,A_independent,s3,18.539646797000003
0.4_10,10,A_dependent,s1,13.630692771931868
0.4_10,10,A_dependent,s2,17.370317069157934
0.4_10,10,A_dependent,s3,19.539646797000003
0.4_10,10,A_independent,s1,13.323978675044296
0.4_10,10,A_independent,s2,16.590763917263224
0.4_10,10,A_independent,s3,18.539646797000003
0.4_20,1,A_dependent,s1,20.30391102201838
0.4_20,1,A_dependent,s2,24.17879698192449
0.4_20,1,A_dependent,s3,26.352700362282928
0.4_20,1,A_independent,s1,19.90905521779584
0.4_20,1,A_independent,s2,23.396194728352192
0.4_20,1,A_independent,s3,25.352700362282928
0.4_20,2,A_dependent,s1,19.898950241995376
0.4_20,2,A_dependent,s2,23.773549698169102
0.4_20,2,A_dependent,s3,25.947444846981032
0.4_20,2,A_independent,s1,19.504281781795967
0.4_20,2,A_independent,s2,22.990952932294487
0.4_20,2,A_independent,s3,24.947444846981032
0.4_20,3,A_dependent,s1,19.449201979773296
0.4_20,3,A_dependent,s2,23.32328103588276
0.4_20,3,A_dependent,s3,25.497160941090034
0.4_20,3,A_independent,s1,19.05487367801466
0.4_20,3,A_independent,s2,22.54069443241125
0.4_20,3,A_independent,s3,24.497160941090034
0.4_20,4,A_dependent,s1,18.949859642238508
0.4_20,4,A_dependent,s2,22.822993813790276
0.4_20,4,A_dependent,s3,24.996845490100036
0.4_20,4,A_independent,s1,18.556148717341664
0.4_20,4,A_independent,s2,22.040426029583774
0.4_20,4,A_independent,s3,23.996845490100036
0.4_20,5,A_dependent,s1,18.39572079704629
0.4_20,5,A_dependent,s2,22.26714003287086
0.4_20,5,A_dependent,s3,24.440939433444484
0.4_20,5,A_independent,s1,18.003129928973745
0.4_20,5,A_independent,s2,21.484607099155113
0.4_20,5,A_independent,s3,23.440939433444484
0.4_20,6,A_dependent,s1,17.781255476637494
0.4_20,6,A_dependent,s2,21.64956344350568
0.4_20,6,A_dependent,s3,23.823266037160536
0.4_20,6,A_independent,s1,17.390695762571973
0.4_20,6,A_independent,s2,20.86709504773578
0.4_20,6,A_independent,s3,22.823266037160536
0.4_20,7,A_dependent,s1,17.10077306952441
0.4_20,7,A_dependent,s2,20.963438941928644
0.4_20,7,A_dependent,s3,23.136962263511705
0.4_20,7,A_independent,s1,16.713895075291845
0.4_20,7,A_independent,s2,20.18109006087327
0.4_20,7,A_independent,s3,22.136962263511705
0.4_20,8,A_dependent,s1,16.348772305879827
0.4_20,8,A_dependent,s2,20.20121117874808
0.4_20,8,A_dependent,s3,22.374402515013006
0.4_20,8,A_independent,s1,15.968564762307627
0.4_20,8,A_independent,s2,19.41908362123813
0.4_20,8,A_independent,s3,21.374402515013006
0.4_20,9,A_dependent,s1,15.52062751367514
0.4_20,9,A_dependent,s2,19.354537356931253
0.4_20,9,A_dependent,s3,21.527113905570005
0.4_20,9,A_independent,s1,15.152499417566057
0.4_20,9,A_independent,s2,18.572819657838757
0.4_20,9,A_independent,s3,20.527113905570005
0.4_20,10,A_dependent,s1,14.613888241740064
0.4_20,10,A_dependent,s2,18.414244064265286
0.4_20,10,A_dependent,s3,20.585682117300003
0.4_20,10,A_independent,s1,14.26762349473868
0.4_20,10,A_independent,s2,17.63328536224214
0.4_20,10,A_independent,s3,19.585682117300003
0.4_20,11,A_dependent,s1,13.630692771931868
0.4_20,11,A_dependent,s2,17.370317069157934
0.4_20,11,A_dependent,s3,19.539646797000003
0.4_20,11,A_independent,s1,13.323978675044296
0.4_20,11,A_independent,s2,16.590763917263224
0.4_20,11,A_independent,s3,18.539646797000003
0.4_20,12,A_dependent,s1,12.582198527826996
0.4_20,12,A_dependent,s2,16.21195990807025
0.4_20,12,A_dependent,s3,18.377385330000003
0.4_20,12,A_independent,s1,12.346991128522497
0.4_20,12,A_independent,s2,15.435009626783746
0.4_20,12,A_independent,s3,17.377385330000003
0.4_20,13,A_dependent,s1,11.49665680946944
0.4_20,13,A_dependent,s2,14.927788474204162
0.4_20,13,A_dependent,s3,17.0859837
0.4_20,13,A_independent,s1,11.390655800000001
0.4_20,13,A_independent,s2,14.1556583236736
0.4_20,13,A_independent,s3,16.0859837
0.4_20,14,A_dependent,s1,10.357670417536
0.4_20,14,A_dependent,s2,13.506287026304001
0.4_20,14,A_dependent,s3,15.651093000000001
0.4_20,14,A_independent,s1,10.434062
0.4_20,14,A_independent,s2,12.74308304384
0.4_20,14,A_independent,s3,14.651093000000001
0.4_20,15,A_dependent,s1,9.0987419584
0.4_20,15,A_dependent,s2,11.9367589376
0.4_20,15,A_dependent,s3,14.056770000000002
0.4_20,15,A_independent,s1,9.37118
0.4_20,15,A_independent,s2,11.190084895999998
0.4_20,15,A_independent,s3,13.056770000000002
0.4_20,16,A_dependent,s1,7.712176960000001
0.4_20,16,A_dependent,s2,10.211205439999999
0.4_20,16,A_dependent,s3,12.285300000000001
0.4_20,16,A_independent,s1,8.1902
0.4_20,16,A_independent,s2,9.495142399999999
0.4_20,16,A_independent,s3,11.285300000000001
0.4_20,17,A_dependent,s1,6.194224
0.4_20,17,A_dependent,s2,8.327936
0.4_20,17,A_dependent,s3,10.317
0.4_20,17,A_independent,s1,6.878
0.4_20,17,A_independent,s2,7.66856
0.4_20,17,A_independent,s3,9.317
0.4_20,18,A_dependent,s1,4.5496
0.4_20,18,A_dependent,s2,6.2984
0.4_20,18,A_dependent,s3,8.129999999999999
0.4_20,18,A_independent,s1,5.42
0.4_20,18,A_independent,s2,5.744
0.4_20,18,A_independent,s3,7.13
0.4_20,19,A_dependent,s1,2.8
0.4_20,19,A_dependent,s2,4.16
0.4_20,19,A_dependent,s3,5.7
0.4_20,19,A_independent,s1,3.8
0.4_20,19,A_independent,s2,3.8
0.4_20,19,A_independent,s3,4.7
0.4_20,20,A_dependent,s1,1.0
0.4_20,20,A_dependent,s2,2.0
0.4_20,20,A_dependent,s3,3.0
0.4_20,20,A_independent,s1,2.0
0.4_20,20,A_independent,s2,2.0
0.4_20,20,A_independent,s3,2.0
0.5_5,1,A_dependent,s1,7.95311875
0.5_5,1,A_dependent,s2,10.500668749999999
0.5_5,1,A_dependent,s3,12.285300000000001
0.5_5,1,A_independent,s1,8.1902
0.5_5,1,A_independent,s2,9.716037499999999
0.5_5,1,A_independent,s3,11.285300000000001
0.5_5,2,A_dependent,s1,7.95311875
0.5_5,2,A_dependent,s2,10.500668749999999
0.5_5,2,A_dependent,s3,12.285300000000001
0.5_5,2,A_independent,s1,8.1902
0.5_5,2,A_independent,s2,9.716037499999999
0.5_5,2,A_independent,s3,11.285300000000001
0.5_5,3,A_dependent,s1,7.95311875
0.5_5,3,A_dependent,s2,10.500668749999999
0.5_5,3,A_dependent,s3,12.285300000000001
0.5_5,3,A_independent,s1,8.1902
0.5_5,3,A_independent,s2,9.716037499999999
0.5_5,3,A_independent,s3,11.285300000000001
0.5_5,4,A_dependent,s1,7.95311875
0.5_5,4,A_dependent,s2,10.500668749999999
0.5_5,4,A_dependent,s3,12.285300000000001
0.5_5,4,A_independent,s1,8.1902
0.5_5,4,A_independent,s2,9.716037499999999
0.5_5,4,A_independent,s3,11.285300000000001
0.5_5,5,A_dependent,s1,7.95311875
0.5_5,5,A_dependent,s2,10.500668749999999
0.5_5,5,A_dependent,s3,12.285300000000001
0.5_5,5,A_independent,s1,8.1902
0.5_5,5,A_independent,s2,9.716037499999999
0.5_5,5,A_independent,s3,11.285300000000001
0.5_10,1,A_dependent,s1,14.4377608553418
0.5_10,1,A_dependent,s2,17.722084081162112
0.5_10,1,A_dependent,s3,19.539646797000003
0.5_10,1,A_independent,s1,13.971000345359377
0.5_10,1,A_independent,s2,16.90452136532422
0.5_10,1,A_independent,s3,18.539646797000003
0.5_10,2,A_dependent,s1,14.4377608553418
0.5_10,2,A_dependent,s2,17.722084081162112
0.5_10,2,A_dependent,s3,19.539646797000003
0.5_10,2,A_independent,s1,13.971000345359377
0.5_10,2,A_independent,s2,16.90452136532422
0.5_10,2,A_independent,s3,18.539646797000003
0.5_10,3,A_dependent,s1,14.4377608553418
0.5_10,3,A_dependent,s2,17.722084081162112
0.5_10,3,A_dependent,s3,19.539646797000003
0.5_10,3,A_independent,s1,13.971000345359377
0.5_10,3,A_independent,s2,16.90452136532422
0.5_10,3,A_independent,s3,18.539646797000003
0.5_10,4,A_dependent,s1,14.4377608553418
0.5_10,4,A_dependent,s2,17.722084081162112
0.5_10,4,A_dependent,s3,19.539646797000003
0.5_10,4,A_independent,s1,13.971000345359377
0.5_10,4,A_independent,s2,16.90452136532422
0.5_10,4,A_independent,s3,18.539646797000003
0.5_10,5,A_dependent,s1,14.4377608553418
0.5_10,5,A_dependent,s2,17.722084081162112
0.5_10,5,A_dependent,s3,19.539646797000003
0.5_10,5,A_independent,s1,13.971000345359377
0.5_10,5,A_independent,s2,16.90452136532422
0.5_10,5,A_independent,s3,18.539646797000003
0.5_10,6,A_dependent,s1,14.4377608553418
0.5_10,6,A_dependent,s2,17.722084081162112
0.5_10,6,A_dependent,s3,19.539646797000003
0.5_10,6,A_independent,s1,13.971000345359377
0.5_10,6,A_independent,s2,16.90452136532422
0.5_10,6,A_independent,s3,18.539646797000003
0.5_10,7,A_dependent,s1,14.4377608553418
0.5_10,7,A_dependent,s2,17.722084081162112
0.5_10,7,A_dependent,s3,19.539646797000003
0.5_10,7,A_independent,s1,13.971000345359377
0.5_10,7,A_independent,s2,16.90452136532422
0.5_10,7,A_independent,s3,18.539646797000003
0.5_10,8,A_dependent,s1,14.4377608553418
0.5_10,8,A_dependent,s2,17.722084081162112
0.5_10,8,A_dependent,s3,19.539646797000003
0.5_10,8,A_independent,s1,13.971000345359377
0.5_10,8,A_independent,s2,16.90452136532422
0.5_10,8,A_independent,s3,18.539646797000003
0.5_10,9,A_dependent,s1,14.4377608553418
0.5_10,9,A_dependent,s2,17.722084081162112
0.5_10,9,A_dependent,s3,19.539646797000003
0.5_10,9,A_independent,s1,13.971000345359377
0.5_10,9,A_independent,s2,16.90452136532422
0.5_10,9,A_independent,s3,18.539646797000003
0.5_10,10,A_dependent,s1,14.4377608553418
0.5_10,10,A_dependent,s2,17.722084081162112
0.5_10,10,A_dependent,s3,19.539646797000003
0.5_10,10,A_independent,s1,13.971000345359377
0.5_10,10,A_independent,s2,16.90452136532422
0.5_10,10,A_independent,s3,18.539646797000003
0.5_20,1,A_dependent,s1,21.228743046936124
0.5_20,1,A_dependent,s2,24.534518754909353
0.5_20,1,A_dependent,s3,26.352700362282928
0.5_20,1,A_independent,s1,20.741148946336473
0.5_20,1,A_independent,s2,23.716337147535775
0.5_20,1,A_independent,s3,25.352700362282928
0.5_20,2,A_dependent,s1,20.823498829262746
0.5_20,2,A_dependent,s2,24.12926349726197
0.5_20,2,A_dependent,s3,25.947444846981032
0.5_20,2,A_independent,s1,20.335915510982577
0.5_20,2,A_independent,s2,23.311082147542912
0.5_20,2,A_independent,s3,24.947444846981032
0.5_20,3,A_dependent,s1,20.37323945664731
0.5_20,3,A_dependent,s2,23.67898016393657
0.5_20,3,A_dependent,s3,25.497160941090034
0.5_20,3,A_independent,s1,19.88567952651151
0.5_20,3,A_independent,s2,22.860799386783107
0.5_20,3,A_independent,s3,24.497160941090034
0.5_20,4,A_dependent,s1,19.872977251679455
0.5_20,4,A_dependent,s2,23.178665985314563
0.5_20,4,A_dependent,s3,24.996845490100036
0.5_20,4,A_independent,s1,19.38546802282982
0.5_20,4,A_independent,s2,22.360486480529083
0.5_20,4,A_independent,s3,23.996845490100036
0.5_20,5,A_dependent,s1,19.317186692033133
0.5_20,5,A_dependent,s2,22.622762756143427
0.5_20,5,A_dependent,s3,24.440939433444484
0.5_20,5,A_independent,s1,18.829787305223892
0.5_20,5,A_independent,s2,21.80458607884237
0.5_20,5,A_independent,s3,23.440939433444484
0.5_20,6,A_dependent,s1,18.69976367247099
0.5_20,6,A_dependent,s2,22.00509564315819
0.5_20,6,A_dependent,s3,23.823266037160536
0.5_20,6,A_independent,s1,18.212602095786142
0.5_20,6,A_independent,s2,21.18692524915584
0.5_20,6,A_independent,s3,22.823266037160536
0.5_20,7,A_dependent,s1,18.01400232865127
0.5_20,7,A_dependent,s2,21.318805832395377
0.5_20,7,A_dependent,s3,23.136962263511705
0.5_20,7,A_independent,s1,17.52735525602349
0.5_20,7,A_independent,s2,20.50064940127905
0.5_20,7,A_independent,s3,22.136962263511705
0.5_20,8,A_dependent,s1,17.252616951137213
0.5_20,8,A_dependent,s2,20.556277112532275
0.5_20,8,A_dependent,s3,22.374402515013006
0.5_20,8,A_independent,s1,16.767082192222883
0.5_20,8,A_independent,s2,19.738151710051547
0.5_20,8,A_independent,s3,21.374402515013006
0.5_20,9,A_dependent,s1,16.40786910246987
0.5_20,9,A_dependent,s2,19.70905745561283
0.5_20,9,A_dependent,s3,21.527113905570005
0.5_20,9,A_independent,s1,15.924737199284086
0.5_20,9,A_independent,s2,18.891001005655657
0.5_20,9,A_independent,s3,20.527113905570005
0.5_20,10,A_dependent,s1,15.471930221426762
0.5_20,10,A_dependent,s2,18.767778895172953
0.5_20,10,A_dependent,s3,20.585682117300003
0.5_20,10,A_independent,s1,14.99398476980762
0.5_20,10,A_independent,s2,17.949875673045902
0.5_20,10,A_independent,s3,19.585682117300003
0.5_20,11,A_dependent,s1,14.4377608553418
0.5_20,11,A_dependent,s2,17.722084081162112
0.5_20,11,A_dependent,s3,19.539646797000003
0.5_20,11,A_independent,s1,13.971000345359377
0.5_20,11,A_independent,s2,16.90452136532422
0.5_20,11,A_independent,s3,18.539646797000003
0.5_20,12,A_dependent,s1,13.301111494843752
0.5_20,12,A_dependent,s2,16.56057929480469
0.5_20,12,A_dependent,s3,18.377385330000003
0.5_20,12,A_independent,s1,12.858449730078126
0.5_20,12,A_independent,s2,15.743773259609377
0.5_20,12,A_independent,s3,17.377385330000003
0.5_20,13,A_dependent,s1,12.064944144531252
0.5_20,13,A_dependent,s2,15.270859177343752
0.5_20,13,A_dependent,s3,17.0859837
0.5_20,13,A_independent,s1,11.674153634375001
0.5_20,13,A_independent,s2,14.455734654687502
0.5_20,13,A_independent,s3,16.0859837
0.5_20,14,A_dependent,s1,10.749059593750001
0.5_20,14,A_dependent,s2,13.839705171875002
0.5_20,14,A_dependent,s3,15.651093000000001
0.5_20,14,A_independent,s1,10.46980184375
0.5_20,14,A_independent,s2,13.028317343750002
0.5_20,14,A_independent,s3,14.651093000000001
0.5_20,15,A_dependent,s1,9.4108909375
0.5_20,15,A_dependent,s2,12.253685937500002
0.5_20,15,A_dependent,s3,14.056770000000002
0.5_20,15,A_independent,s1,9.37118
0.5_20,15,A_independent,s2,11.450601875
0.5_20,15,A_independent,s3,13.056770000000002
0.5_20,16,A_dependent,s1,7.95311875
0.5_20,16,A_dependent,s2,10.500668749999999
0.5_20,16,A_dependent,s3,12.285300000000001
0.5_20,16,A_independent,s1,8.1902
0.5_20,16,A_independent,s2,9.716037499999999
0.5_20,16,A_independent,s3,11.285300000000001
0.5_20,17,A_dependent,s1,6.353875
0.5_20,17,A_dependent,s2,8.573374999999999
0.5_20,17,A_dependent,s3,10.317
0.5_20,17,A_independent,s1,6.878
0.5_20,17,A_independent,s2,7.82975
0.5_20,17,A_independent,s3,9.317
0.5_20,18,A_dependent,s1,4.6225000000000005
0.5_20,18,A_dependent,s2,6.4775
0.5_20,18,A_dependent,s3,8.129999999999999
0.5_20,18,A_independent,s1,5.42
0.5_20,18,A_independent,s2,5.825
0.5_20,18,A_independent,s3,7.13
0.5_20,19,A_dependent,s1,2.8
0.5_20,19,A_dependent,s2,4.25
0.5_20,19,A_dependent,s3,5.7
0.5_20,19,A_independent,s1,3.8
0.5_20,19,A_independent,s2,3.8
0.5_20,19,A_independent,s3,4.7
0.5_20,20,A_dependent,s1,1.0
0.5_20,20,A_dependent,s2,2.0
0.5_20,20,A_dependent,s3,3.0
0.5_20,20,A_independent,s1,2.0
0.5_20,20,A_independent,s2,2.0
0.5_20,20,A_independent,s3,2.0
0.6_5,1,A_dependent,s1,8.21768176
0.6_5,1,A_dependent,s2,10.73224784
0.6_5,1,A_dependent,s3,12.285300000000001
0.6_5,1,A_independent,s1,8.1902
0.6_5,1,A_independent,s2,9.9026696
0.6_5,1,A_independent,s3,11.285300000000001
0.6_5,2,A_dependent,s1,8.21768176
0.6_5,2,A_dependent,s2,10.73224784
0.6_5,2,A_dependent,s3,12.285300000000001
0.6_5,2,A_independent,s1,8.1902
0.6_5,2,A_independent,s2,9.9026696
0.6_5,2,A_independent,s3,11.285300000000001
0.6_5,3,A_dependent,s1,8.21768176
0.6_5,3,A_dependent,s2,10.73224784
0.6_5,3,A_dependent,s3,12.285300000000001
0.6_5,3,A_independent,s1,8.1902
0.6_5,3,A_independent,s2,9.9026696
0.6_5,3,A_independent,s3,11.285300000000001
0.6_5,4,A_dependent,s1,8.21768176
0.6_5,4,A_dependent,s2,10.73224784
0.6_5,4,A_dependent,s3,12.285300000000001
0.6_5,4,A_independent,s1,8.1902
0.6_5,4,A_independent,s2,9.9026696
0.6_5,4,A_independent,s3,11.285300000000001
0.6_5,5,A_dependent,s1,8.21768176
0.6_5,5,A_dependent,s2,10.73224784
0.6_5,5,A_dependent,s3,12.285300000000001
0.6_5,5,A_independent,s1,8.1902
0.6_5,5,A_independent,s2,9.9026696
0.6_5,5,A_independent,s3,11.285300000000001
0.6_10,1,A_dependent,s1,15.098987841027132
0.6_10,1,A_dependent,s2,17.97720392447563
0.6_10,1,A_dependent,s3,19.539646797000003
0.6_10,1,A_independent,s1,14.547160179034229
0.6_10,1,A_independent,s2,17.133539615689067
0.6_10,1,A_independent,s3,18.539646797000003
0.6_10,2,A_dependent,s1,15.098987841027132
0.6_10,2,A_dependent,s2,17.97720392447563
0.6_10,2,A_dependent,s3,19.539646797000003
0.6_10,2,A_independent,s1,14.547160179034229
0.6_10,2,A_independent,s2,17.133539615689067
0.6_10,2,A_independent,s3,18.539646797000003
0.6_10,3,A_dependent,s1,15.098987841027132
0.6_10,3,A_dependent,s2,17.97720392447563
0.6_10,3,A_dependent,s3,19.539646797000003
0.6_10,3,A_independent,s1,14.547160179034229
0.6_10,3,A_independent,s2,17.133539615689067
0.6_10,3,A_independent,s3,18.539646797000003
0.6_10,4,A_dependent,s1,15.098987841027132
0.6_10,4,A_dependent,s2,17.97720392447563
0.6_10,4,A_dependent,s3,19.539646797000003
0.6_10,4,A_independent,s1,14.547160179034229
0.6_10,4,A_independent,s2,17.133539615689067
0.6_10,4,A_independent,s3,18.539646797000003
0.6_10,5,A_dependent,s1,15.098987841027132
0.6_10,5,A_dependent,s2,17.97720392447563
0.6_10,5,A_dependent,s3,19.539646797000003
0.6_10,5,A_independent,s1,14.547160179034229
0.6_10,5,A_independent,s2,17.133539615689067
0.6_10,5,A_independent,s3,18.539646797000003
0.6_10,6,A_dependent,s1,15.098987841027132
0.6_10,6,A_dependent,s2,17.97720392447563
0.6_10,6,A_dependent,s3,19.539646797000003
0.6_10,6,A_independent,s1,14.547160179034229
0.6_10,6,A_independent,s2,17.133539615689067
0.6_10,6,A_independent,s3,18.539646797000003
0.6_10,7,A_dependent,s1,15.098987841027132
0.6_10,7,A_dependent,s2,17.97720392447563
0.6_10,7,A_dependent,s3,19.539646797000003
0.6_10,7,A_independent,s1,14.547160179034229
0.6_10,7,A_independent,s2,17.133539615689067
0.6_10,7,A_independent,s3,18.539646797000003
0.6_10,8,A_dependent,s1,15.098987841027132
0.6_10,8,A_dependent,s2,17.97720392447563
0.6_10,8,A_dependent,s3,19.539646797000003
0.6_10,8,A_independent,s1,14.547160179034229
0.6_10,8,A_independent,s2,17.133539615689067
0.6_10,8,A_independent,s3,18.539646797000003
0.6_10,9,A_dependent,s1,15.098987841027132
0.6_10,9,A_dependent,s2,17.97720392447563
0.6_10,9,A_dependent,s3,19.539646797000003
0.6_10,9,A_independent,s1,14.547160179034229
0.6_10,9,A_independent,s2,17.133539615689067
0.6_10,9,A_independent,s3,18.539646797000003
0.6_10,10,A_dependent,s1,15.098987841027132
0.6_10,10,A_dependent,s2,17.97720392447563
0.6_10,10,A_dependent,s3,19.539646797000003
0.6_10,10,A_independent,s1,14.547160179034229
0.6_10,10,A_independent,s2,17.133539615689067
0.6_10,10,A_independent,s3,18.539646797000003
0.6_20,1,A_dependent,s1,21.90934111734459
0.6_20,1,A_dependent,s2,24.790200364371596
0.6_20,1,A_dependent,s3,26.352700362282928
0.6_20,1,A_independent,s1,21.35367724210457
0.6_20,1,A_independent,s2,23.946450367504607
0.6_20,1,A_independent,s3,25.352700362282928
0.6_20,2,A_dependent,s1,21.504085824560633
0.6_20,2,A_dependent,s2,24.384944852782894
0.6_20,2,A_dependent,s3,25.947444846981032
0.6_20,2,A_independent,s1,20.94842226917305
0.6_20,2,A_independent,s2,23.54119486148569
0.6_20,2,A_independent,s3,24.947444846981032
0.6_20,3,A_dependent,s1,21.05380252130339
0.6_20,3,A_dependent,s2,23.934660957206322
0.6_20,3,A_dependent,s3,25.497160941090034
0.6_20,3,A_independent,s1,20.49813983118733
0.6_20,3,A_independent,s2,23.090910981380755
0.6_20,3,A_independent,s3,24.497160941090034
0.6_20,4,A_dependent,s1,20.553488701319257
0.6_20,4,A_dependent,s2,23.434345534867507
0.6_20,4,A_dependent,s3,24.996845490100036
0.6_20,4,A_independent,s1,19.997828350270076
0.6_20,4,A_independent,s2,22.59059560201871
0.6_20,4,A_independent,s3,23.996845490100036
0.6_20,5,A_dependent,s1,19.99758705585564
0.6_20,5,A_dependent,s2,22.878439557798565
0.6_20,5,A_dependent,s3,24.440939433444484
0.6_20,5,A_independent,s1,19.441933023144575
0.6_20,5,A_independent,s2,22.034689744329683
0.6_20,5,A_independent,s3,23.440939433444484
0.6_20,6,A_dependent,s1,19.37992558127175
0.6_20,6,A_dependent,s2,22.260766382588535
0.6_20,6,A_dependent,s3,23.823266037160536
0.6_20,6,A_independent,s1,18.824288602083566
0.6_20,6,A_independent,s2,21.417016900730534
0.6_20,6,A_independent,s3,22.823266037160536
0.6_20,7,A_dependent,s1,18.693654002315075
0.6_20,7,A_dependent,s2,21.574463223033927
0.6_20,7,A_dependent,s3,23.136962263511705
0.6_20,7,A_independent,s1,18.138063012311807
0.6_20,7,A_independent,s2,20.730714662317258
0.6_20,7,A_independent,s3,22.136962263511705
0.6_20,8,A_dependent,s1,17.931181124790896
0.6_20,8,A_dependent,s2,20.811905180352507
0.6_20,8,A_dependent,s3,22.374402515013006
0.6_20,8,A_independent,s1,17.375714044434602
0.6_20,8,A_independent,s2,19.96815917836176
0.6_20,8,A_independent,s3,21.374402515013006
0.6_20,9,A_dependent,s1,17.084126716038444
0.6_20,9,A_dependent,s2,19.964621309290845
0.6_20,9,A_dependent,s3,21.527113905570005
0.6_20,9,A_independent,s1,16.528993167787945
0.6_20,9,A_independent,s2,19.120882414872106
0.6_20,9,A_independent,s3,20.527113905570005
0.6_20,10,A_dependent,s1,16.143325741986608
0.6_20,10,A_dependent,s2,19.02320268319123
0.6_20,10,A_dependent,s3,20.585682117300003
0.6_20,10,A_independent,s1,15.589089056924418
0.6_20,10,A_independent,s2,18.17948353202807
0.6_20,10,A_independent,s3,19.585682117300003
0.6_20,11,A_dependent,s1,15.098987841027132
0.6_20,11,A_dependent,s2,17.97720392447563
0.6_20,11,A_dependent,s3,19.539646797000003
0.6_20,11,A_independent,s1,14.547160179034229
0.6_20,11,A_independent,s2,17.133539615689067
0.6_20,11,A_independent,s3,18.539646797000003
0.6_20,12,A_dependent,s1,13.941289087815809
0.6_20,12,A_dependent,s2,16.815044017432296
0.6_20,12,A_dependent,s3,18.377385330000003
0.6_20,12,A_independent,s1,13.395924646668417
0.6_20,12,A_independent,s2,15.97153204858074
0.6_20,12,A_independent,s3,17.377385330000003
0.6_20,13,A_dependent,s1,12.662138496298242
0.6_20,13,A_dependent,s2,15.523924498423042
0.6_20,13,A_dependent,s3,17.0859837
0.6_20,13,A_independent,s1,12.134092696659202
0.6_20,13,A_independent,s2,14.680835696057601
0.6_20,13,A_independent,s3,16.0859837
0.6_20,14,A_dependent,s1,11.260102996288001
0.6_20,14,A_dependent,s2,14.089817440064001
0.6_20,14,A_dependent,s3,15.651093000000001
0.6_20,14,A_independent,s1,10.77840134048
0.6_20,14,A_independent,s2,13.247904100160001
0.6_20,14,A_independent,s3,14.651093000000001
0.6_20,15,A_dependent,s1,9.7537792672
0.6_20,15,A_dependent,s2,12.497671222400001
0.6_20,15,A_dependent,s3,14.056770000000002
0.6_20,15,A_independent,s1,9.395913583999999
0.6_20,15,A_independent,s2,11.659023056
0.6_20,15,A_independent,s3,13.056770000000002
0.6_20,16,A_dependent,s1,8.21768176
0.6_20,16,A_dependent,s2,10.73224784
0.6_20,16,A_dependent,s3,12.285300000000001
0.6_20,16,A_independent,s1,8.1902
0.6_20,16,A_independent,s2,9.9026696
0.6_20,16,A_independent,s3,11.285300000000001
0.6_20,17,A_dependent,s1,6.537016
0.6_20,17,A_dependent,s2,8.780743999999999
0.6_20,17,A_dependent,s3,10.317
0.6_20,17,A_independent,s1,6.878
0.6_20,17,A_independent,s2,7.97636
0.6_20,17,A_independent,s3,9.317
0.6_20,18,A_dependent,s1,4.7116
0.6_20,18,A_dependent,s2,6.6404
0.6_20,18,A_dependent,s3,8.129999999999999
0.6_20,18,A_independent,s1,5.42
0.6_20,18,A_independent,s2,5.906000000000001
0.6_20,18,A_independent,s3,7.13
0.6_20,19,A_dependent,s1,2.8
0.6_20,19,A_dependent,s2,4.34
0.6_20,19,A_dependent,s3,5.7
0.6_20,19,A_independent,s1,3.8
0.6_20,19,A_independent,s2,3.8
0.6_20,19,A_independent,s3,4.7
0.6_20,20,A_dependent,s1,1.0
0.6_20,20,A_dependent,s2,2.0
0.6_20,20,A_dependent,s3,3.0
0.6_20,20,A_independent,s1,2.0
0.6_20,20,A_independent,s2,2.0
0.6_20,20,A_independent,s3,2.0
0.7_5,1,A_dependent,s1,8.49834271
0.7_5,1,A_dependent,s2,10.91740259
0.7_5,1,A_dependent,s3,12.285300000000001
0.7_5,1,A_independent,s1,8.1902
0.7_5,1,A_independent,s2,10.0589753
0.7_5,1,A_independent,s3,11.285300000000001
0.7_5,2,A_dependent,s1,8.49834271
0.7_5,2,A_dependent,s2,10.91740259
0.7_5,2,A_dependent,s3,12.285300000000001
0.7_5,2,A_independent,s1,8.1902
0.7_5,2,A_independent,s2,10.0589753
0.7_5,2,A_independent,s3,11.285300000000001
0.7_5,3,A_dependent,s1,8.49834271
0.7_5,3,A_dependent,s2,10.91740259
0.7_5,3,A_dependent,s3,12.285300000000001
0.7_5,3,A_independent,s1,8.1902
0.7_5,3,A_independent,s2,10.0589753
0.7_5,3,A_independent,s3,11.285300000000001
0.7_5,4,A_dependent,s1,8.49834271
0.7_5,4,A_dependent,s2,10.91740259
0.7_5,4,A_dependent,s3,12.285300000000001
0.7_5,4,A_independent,s1,8.1902
0.7_5,4,A_independent,s2,10.0589753
0.7_5,4,A_independent,s3,11.285300000000001
0.7_5,5,A_dependent,s1,8.49834271
0.7_5,5,A_dependent,s2,10.91740259
0.7_5,5,A_dependent,s3,12.285300000000001
0.7_5,5,A_independent,s1,8.1902
0.7_5,5,A_independent,s2,10.0589753
0.7_5,5,A_independent,s3,11.285300000000001
0.7_10,1,A_dependent,s1,15.61793680902805
0.7_10,1,A_dependent,s2,18.16978660372784
0.7_10,1,A_dependent,s3,19.539646797000003
0.7_10,1,A_independent,s1,15.010637229210312
0.7_10,1,A_independent,s2,17.306779486092793
0.7_10,1,A_independent,s3,18.539646797000003
0.7_10,2,A_dependent,s1,15.61793680902805
0.7_10,2,A_dependent,s2,18.16978660372784
0.7_10,2,A_dependent,s3,19.539646797000003
0.7_10,2,A_independent,s1,15.010637229210312
0.7_10,2,A_independent,s2,17.306779486092793
0.7_10,2,A_independent,s3,18.539646797000003
0.7_10,3,A_dependent,s1,15.61793680902805
0.7_10,3,A_dependent,s2,18.16978660372784
0.7_10,3,A_dependent,s3,19.539646797000003
0.7_10,3,A_independent,s1,15.010637229210312
0.7_10,3,A_independent,s2,17.306779486092793
0.7_10,3,A_independent,s3,18.539646797000003
0.7_10,4,A_dependent,s1,15.61793680902805
0.7_10,4,A_dependent,s2,18.16978660372784
0.7_10,4,A_dependent,s3,19.539646797000003
0.7_10,4,A_independent,s1,15.010637229210312
0.7_10,4,A_independent,s2,17.306779486092793
0.7_10,4,A_independent,s3,18.539646797000003
0.7_10,5,A_dependent,s1,15.61793680902805
0.7_10,5,A_dependent,s2,18.16978660372784
0.7_10,5,A_dependent,s3,19.539646797000003
0.7_10,5,A_independent,s1,15.010637229210312
0.7_10,5,A_independent,s2,17.306779486092793
0.7_10,5,A_independent,s3,18.539646797000003
0.7_10,6,A_dependent,s1,15.61793680902805
0.7_10,6,A_dependent,s2,18.16978660372784
0.7_10,6,A_dependent,s3,19.539646797000003
0.7_10,6,A_independent,s1,15.010637229210312
0.7_10,6,A_independent,s2,17.306779486092793
0.7_10,6,A_independent,s3,18.539646797000003
0.7_10,7,A_dependent,s1,15.61793680902805
0.7_10,7,A_dependent,s2,18.16978660372784
0.7_10,7,A_dependent,s3,19.539646797000003
0.7_10,7,A_independent,s1,15.010637229210312
0.7_10,7,A_independent,s2,17.306779486092793
0.7_10,7,A_independent,s3,18.539646797000003
0.7_10,8,A_dependent,s1,15.61793680902805
0.7_10,8,A_dependent,s2,18.16978660372784
0.7_10,8,A_dependent,s3,19.539646797000003
0.7_10,8,A_independent,s1,15.010637229210312
0.7_10,8,A_independent,s2,17.306779486092793
0.7_10,8,A_independent,s3,18.539646797000003
0.7_10,9,A_dependent,s1,15.61793680902805
0.7_10,9,A_dependent,s2,18.16978660372784
0.7_10,9,A_dependent,s3,19.539646797000003
0.7_10,9,A_independent,s1,15.010637229210312
0.7_10,9,A_independent,s2,17.306779486092793
0.7_10,9,A_independent,s3,18.539646797000003
0.7_10,10,A_dependent,s1,15.61793680902805
0.7_10,10,A_dependent,s2,18.16978660372784
0.7_10,10,A_dependent,s3,19.539646797000003
0.7_10,10,A_independent,s1,15.010637229210312
0.7_10,10,A_independent,s2,17.306779486092793
0.7_10,10,A_independent,s3,18.539646797000003
0.7_20,1,A_dependent,s1,22.430763789419
0.7_20,1,A_dependent,s2,24.982837348590106
0.7_20,1,A_dependent,s3,26.352700362282928
0.7_20,1,A_independent,s1,21.822957448125134
0.7_20,1,A_independent,s2,24.119823649973515
0.7_20,1,A_independent,s3,25.352700362282928
0.7_20,2,A_dependent,s1,22.02550827569459
0.7_20,2,A_dependent,s2,24.577581833303906
0.7_20,2,A_dependent,s3,25.947444846981032
0.7_20,2,A_independent,s1,21.41770193795942
0.7_20,2,A_independent,s2,23.714568134723955
0.7_20,2,A_independent,s3,24.947444846981032
0.7_20,3,A_dependent,s1,21.57522437551047
0.7_20,3,A_dependent,s2,24.12729792747106
0.7_20,3,A_dependent,s3,25.497160941090034
0.7_20,3,A_independent,s1,20.967418050639058
0.7_20,3,A_independent,s2,23.264284229026792
0.7_20,3,A_independent,s3,24.497160941090034
0.7_20,4,A_dependent,s1,21.074908945154508
0.7_20,4,A_dependent,s2,23.626982476696433
0.7_20,4,A_dependent,s3,24.996845490100036
0.7_20,4,A_independent,s1,20.467102666754073
0.7_20,4,A_independent,s2,22.76396877875469
0.7_20,4,A_independent,s3,23.996845490100036
0.7_20,5,A_dependent,s1,20.519002963060082
0.7_20,5,A_dependent,s2,23.071076420838544
0.7_20,5,A_dependent,s3,24.440939433444484
0.7_20,5,A_independent,s1,19.911196852431548
0.7_20,5,A_independent,s2,22.208062724758022
0.7_20,5,A_independent,s3,23.440939433444484
0.7_20,6,A_dependent,s1,19.901329836035053
0.7_20,6,A_dependent,s2,22.453403027508912
0.7_20,6,A_dependent,s3,23.823266037160536
0.7_20,6,A_independent,s1,19.293524330699363
0.7_20,6,A_independent,s2,21.59038933832178
0.7_20,6,A_independent,s3,22.823266037160536
0.7_20,7,A_dependent,s1,19.215027034110403
0.7_20,7,A_dependent,s2,21.767099264801978
0.7_20,7,A_dependent,s3,23.136962263511705
0.7_20,7,A_independent,s1,18.60722371102747
0.7_20,7,A_independent,s2,20.904085601145944
0.7_20,7,A_independent,s3,22.136962263511705
0.7_20,8,A_dependent,s1,18.45247079003052
0.7_20,8,A_dependent,s2,21.004539556828828
0.7_20,8,A_dependent,s3,22.374402515013006
0.7_20,8,A_independent,s1,17.84467532872609
0.7_20,8,A_independent,s2,20.141525987732415
0.7_20,8,A_independent,s3,21.374402515013006
0.7_20,9,A_dependent,s1,17.605194809695657
0.7_20,9,A_dependent,s2,20.15725109748046
0.7_20,9,A_dependent,s3,21.527113905570005
0.7_20,9,A_independent,s1,16.9974276489075
0.7_20,9,A_independent,s2,19.294237878604868
0.7_20,9,A_independent,s3,20.527113905570005
0.7_20,10,A_dependent,s1,16.66380849878611
0.7_20,10,A_dependent,s2,19.21581986511652
0.7_20,10,A_dependent,s3,20.585682117300003
0.7_20,10,A_independent,s1,16.056143128125246
0.7_20,10,A_independent,s2,18.352807943355057
0.7_20,10,A_independent,s3,19.585682117300003
0.7_20,11,A_dependent,s1,15.61793680902805
0.7_20,11,A_dependent,s2,18.16978660372784
0.7_20,11,A_dependent,s3,19.539646797000003
0.7_20,11,A_independent,s1,15.010637229210312
0.7_20,11,A_independent,s2,17.306779486092793
0.7_20,11,A_independent,s3,18.539646797000003
0.7_20,12,A_dependent,s1,14.456263588011458
0.7_20,12,A_dependent,s2,17.007532762325326
0.7_20,12,A_dependent,s3,18.377385330000003
0.7_20,12,A_independent,s1,13.85027727195235
0.7_20,12,A_independent,s2,16.144543437751075
0.7_20,12,A_independent,s3,17.377385330000003
0.7_20,13,A_dependent,s1,13.166974746613722
0.7_20,13,A_dependent,s2,15.716159375278973
0.7_20,13,A_dependent,s3,17.0859837
0.7_20,13,A_independent,s1,12.565698603209302
0.7_20,13,A_independent,s2,14.853235950929902
0.7_20,13,A_independent,s3,16.0859837
0.7_20,14,A_dependent,s1,11.739665114677003
0.7_20,14,A_dependent,s2,14.281373278811001
0.7_20,14,A_dependent,s3,15.651093000000001
0.7_20,14,A_independent,s1,11.155264547060002
0.7_20,14,A_independent,s2,13.41869392937
0.7_20,14,A_independent,s3,14.651093000000001
0.7_20,15,A_dependent,s1,10.172516163400001
0.7_20,15,A_dependent,s2,12.6874376993
0.7_20,15,A_dependent,s3,14.056770000000002
0.7_20,15,A_independent,s1,9.648508439
0.7_20,15,A_independent,s2,11.825662331
0.7_20,15,A_independent,s3,13.056770000000002
0.7_20,16,A_dependent,s1,8.49834271
0.7_20,16,A_dependent,s2,10.91740259
0.7_20,16,A_dependent,s3,12.285300000000001
0.7_20,16,A_independent,s1,8.1902
0.7_20,16,A_independent,s2,10.0589753
0.7_20,16,A_independent,s3,11.285300000000001
0.7_20,17,A_dependent,s1,6.739273
0.7_20,17,A_dependent,s2,8.954417
0.7_20,17,A_dependent,s3,10.317
0.7_20,17,A_independent,s1,6.878
0.7_20,17,A_independent,s2,8.10839
0.7_20,17,A_independent,s3,9.317
0.7_20,18,A_dependent,s1,4.8169
0.7_20,18,A_dependent,s2,6.7871
0.7_20,18,A_dependent,s3,8.129999999999999
0.7_20,18,A_independent,s1,5.42
0.7_20,18,A_independent,s2,5.987
0.7_20,18,A_independent,s3,7.13
0.7_20,19,A_dependent,s1,2.8
0.7_20,19,A_dependent,s2,4.43
0.7_20,19,A_dependent,s3,5.7
0.7_20,19,A_independent,s1,3.8
0.7_20,19,A_independent,s2,3.8
0.7_20,19,A_independent,s3,4.7
0.7_20,20,A_dependent,s1,1.0
0.7_20,20,A_dependent,s2,2.0
0.7_20,20,A_dependent,s3,3.0
0.7_20,20,A_independent,s1,2.0
0.7_20,20,A_independent,s2,2.0
0.7_20,20,A_independent,s3,2.0
0.8_5,1,A_dependent,s1,8.803241920000001
0.8_5,1,A_dependent,s2,11.066018240000002
0.8_5,1,A_dependent,s3,12.285300000000001
0.8_5,1,A_independent,s1,8.260644800000001
0.8_5,1,A_independent,s2,10.1888912
0.8_5,1,A_independent,s3,11.285300000000001
0.8_5,2,A_dependent,s1,8.803241920000001
0.8_5,2,A_dependent,s2,11.066018240000002
0.8_5,2,A_dependent,s3,12.285300000000001
0.8_5,2,A_independent,s1,8.260644800000001
0.8_5,2,A_independent,s2,10.1888912
0.8_5,2,A_independent,s3,11.285300000000001
0.8_5,3,A_dependent,s1,8.803241920000001
0.8_5,3,A_dependent,s2,11.066018240000002
0.8_5,3,A_dependent,s3,12.285300000000001
0.8_5,3,A_independent,s1,8.260644800000001
0.8_5,3,A_independent,s2,10.1888912
0.8_5,3,A_independent,s3,11.285300000000001
0.8_5,4,A_dependent,s1,8.803241920000001
0.8_5,4,A_dependent,s2,11.066018240000002
0.8_5,4,A_dependent,s3,12.285300000000001
0.8_5,4,A_independent,s1,8.260644800000001
0.8_5,4,A_independent,s2,10.1888912
0.8_5,4,A_independent,s3,11.285300000000001
0.8_5,5,A_dependent,s1,8.803241920000001
0.8_5,5,A_dependent,s2,11.066018240000002
0.8_5,5,A_dependent,s3,12.285300000000001
0.8_5,5,A_independent,s1,8.260644800000001
0.8_5,5,A_independent,s2,10.1888912
0.8_5,5,A_independent,s3,11.285300000000001
0.8_10,1,A_dependent,s1,16.029837326854427
0.8_10,1,A_dependent,s2,18.32013464542033
0.8_10,1,A_dependent,s3,19.539646797000003
0.8_10,1,A_independent,s1,15.38084247786551
0.8_10,1,A_independent,s2,17.44208603910166
0.8_10,1,A_independent,s3,18.539646797000003
0.8_10,2,A_dependent,s1,16.029837326854427
0.8_10,2,A_dependent,s2,18.32013464542033
0.8_10,2,A_dependent,s3,19.539646797000003
0.8_10,2,A_independent,s1,15.38084247786551
0.8_10,2,A_independent,s2,17.44208603910166
0.8_10,2,A_independent,s3,18.539646797000003
0.8_10,3,A_dependent,s1,16.029837326854427
0.8_10,3,A_dependent,s2,18.32013464542033
0.8_10,3,A_dependent,s3,19.539646797000003
0.8_10,3,A_independent,s1,15.38084247786551
0.8_10,3,A_independent,s2,17.44208603910166
0.8_10,3,A_independent,s3,18.539646797000003
0.8_10,4,A_dependent,s1,16.029837326854427
0.8_10,4,A_dependent,s2,18.32013464542033
0.8_10,4,A_dependent,s3,19.539646797000003
0.8_10,4,A_independent,s1,15.38084247786551
0.8_10,4,A_independent,s2,17.44208603910166
0.8_10,4,A_independent,s3,18.539646797000003
0.8_10,5,A_dependent,s1,16.029837326854427
0.8_10,5,A_dependent,s2,18.32013464542033
0.8_10,5,A_dependent,s3,19.539646797000003
0.8_10,5,A_independent,s1,15.38084247786551
0.8_10,5,A_independent,s2,17.44208603910166
0.8_10,5,A_independent,s3,18.539646797000003
0.8_10,6,A_dependent,s1,16.029837326854427
0.8_10,6,A_dependent,s2,18.32013464542033
0.8_10,6,A_dependent,s3,19.539646797000003
0.8_10,6,A_independent,s1,15.38084247786551
0.8_10,6,A_independent,s2,17.44208603910166
0.8_10,6,A_independent,s3,18.539646797000003
0.8_10,7,A_dependent,s1,16.029837326854427
0.8_10,7,A_dependent,s2,18.32013464542033
0.8_10,7,A_dependent,s3,19.539646797000003
0.8_10,7,A_independent,s1,15.38084247786551
0.8_10,7,A_independent,s2,17.44208603910166
0.8_10,7,A_independent,s3,18.539646797000003
0.8_10,8,A_dependent,s1,16.029837326854427
0.8_10,8,A_dependent,s2,18.32013464542033
0.8_10,8,A_dependent,s3,19.539646797000003
0.8_10,8,A_independent,s1,15.38084247786551
0.8_10,8,A_independent,s2,17.44208603910166
0.8_10,8,A_independent,s3,18.539646797000003
0.8_10,9,A_dependent,s1,16.029837326854427
0.8_10,9,A_dependent,s2,18.32013464542033
0.8_10,9,A_dependent,s3,19.539646797000003
0.8_10,9,A_independent,s1,15.38084247786551
0.8_10,9,A_independent,s2,17.44208603910166
0.8_10,9,A_independent,s3,18.539646797000003
0.8_10,10,A_dependent,s1,16.029837326854427
0.8_10,10,A_dependent,s2,18.32013464542033
0.8_10,10,A_dependent,s3,19.539646797000003
0.8_10,10,A_independent,s1,15.38084247786551
0.8_10,10,A_independent,s2,17.44208603910166
0.8_10,10,A_independent,s3,18.539646797000003
0.8_20,1,A_dependent,s1,22.842884776322474
0.8_20,1,A_dependent,s2,25.13318816716098
0.8_20,1,A_dependent,s3,26.352700362282928
0.8_20,1,A_independent,s1,22.193866334919633
0.8_20,1,A_independent,s2,24.25513938667318
0.8_20,1,A_independent,s3,25.352700362282928
0.8_20,2,A_dependent,s1,22.437629261021815
0.8_20,2,A_dependent,s2,24.72793265185909
0.8_20,2,A_dependent,s3,25.947444846981032
0.8_20,2,A_independent,s1,21.78861081962381
0.8_20,2,A_independent,s2,23.84988387137132
0.8_20,2,A_independent,s3,24.947444846981032
0.8_20,3,A_dependent,s1,21.987345355137567
0.8_20,3,A_dependent,s2,24.27764874596813
0.8_20,3,A_dependent,s3,25.497160941090034
0.8_20,3,A_independent,s1,21.33832691376578
0.8_20,3,A_independent,s2,23.399599965480515
0.8_20,3,A_independent,s3,24.497160941090034
0.8_20,4,A_dependent,s1,21.4870299041842
0.8_20,4,A_dependent,s2,23.777333294978348
0.8_20,4,A_dependent,s3,24.996845490100036
0.8_20,4,A_independent,s1,20.83801146295457
0.8_20,4,A_independent,s2,22.89928451449161
0.8_20,4,A_independent,s3,23.996845490100036
0.8_20,5,A_dependent,s1,20.9311238477273
0.8_20,5,A_dependent,s2,23.22142723832401
0.8_20,5,A_dependent,s3,24.440939433444484
0.8_20,5,A_independent,s1,20.28210540726798
0.8_20,5,A_independent,s2,22.343378457842128
0.8_20,5,A_independent,s3,23.440939433444484
0.8_20,6,A_dependent,s1,20.313450452519977
0.8_20,6,A_dependent,s2,22.60375384204681
0.8_20,6,A_dependent,s3,23.823266037160536
0.8_20,6,A_independent,s1,19.664432016232205
0.8_20,6,A_independent,s2,21.725705061591917
0.8_20,6,A_independent,s3,22.823266037160536
0.8_20,7,A_dependent,s1,19.62714668470245
0.8_20,7,A_dependent,s2,21.917450068435464
0.8_20,7,A_dependent,s3,23.136962263511705
0.8_20,7,A_independent,s1,18.978128270990265
0.8_20,7,A_independent,s2,21.039401288130495
0.8_20,7,A_independent,s3,22.136962263511705
0.8_20,8,A_dependent,s1,18.86458696776696
0.8_20,8,A_dependent,s2,21.154890320144993
0.8_20,8,A_dependent,s3,22.374402515013006
0.8_20,8,A_independent,s1,18.215568676143054
0.8_20,8,A_independent,s2,20.27684154067294
0.8_20,8,A_independent,s3,21.374402515013006
0.8_20,9,A_dependent,s1,18.017298529047835
0.8_20,9,A_dependent,s2,20.307601711858823
0.8_20,9,A_dependent,s3,21.527113905570005
0.8_20,9,A_independent,s1,17.368280897182792
0.8_20,9,A_independent,s2,19.429552937014098
0.8_20,9,A_independent,s3,20.527113905570005
0.8_20,10,A_dependent,s1,17.075867663536435
0.8_20,10,A_dependent,s2,19.366169930015662
0.8_20,10,A_dependent,s3,20.585682117300003
0.8_20,10,A_independent,s1,16.426853594168982
0.8_20,10,A_independent,s2,18.4881211808783
0.8_20,10,A_independent,s3,19.585682117300003
0.8_20,11,A_dependent,s1,16.029837326854427
0.8_20,11,A_dependent,s2,18.32013464542033
0.8_20,11,A_dependent,s3,19.539646797000003
0.8_20,11,A_independent,s1,15.38084247786551
0.8_20,11,A_independent,s2,17.44208603910166
0.8_20,11,A_independent,s3,18.539646797000003
0.8_20,12,A_dependent,s1,14.867602753183899
0.8_20,12,A_dependent,s2,17.15787337677962
0.8_20,12,A_dependent,s3,18.377385330000003
0.8_20,12,A_independent,s1,14.218711510327044
0.8_20,12,A_independent,s2,16.279825563898115
0.8_20,12,A_independent,s3,17.377385330000003
0.8_20,13,A_dependent,s1,13.576346122585603
0.8_20,13,A_dependent,s2,15.86647284877568
0.8_20,13,A_dependent,s3,17.0859837
0.8_20,13,A_independent,s1,12.928012837414403
0.8_20,13,A_independent,s2,14.988429443878402
0.8_20,13,A_independent,s3,16.0859837
0.8_20,14,A_dependent,s1,12.142236486016003
0.8_20,14,A_dependent,s2,14.431588270976002
0.8_20,14,A_dependent,s3,15.651093000000001
0.8_20,14,A_independent,s1,11.49690501056
0.8_20,14,A_independent,s2,13.553569354880002
0.8_20,14,A_independent,s3,14.651093000000001
0.8_20,15,A_dependent,s1,10.552116678400001
0.8_20,15,A_dependent,s2,12.837299283200002
0.8_20,15,A_dependent,s3,14.056770000000002
0.8_20,15,A_independent,s1,9.922917728000002
0.8_20,15,A_independent,s2,11.959416416000002
0.8_20,15,A_independent,s3,13.056770000000002
0.8_20,16,A_dependent,s1,8.803241920000001
0.8_20,16,A_dependent,s2,11.066018240000002
0.8_20,16,A_dependent,s3,12.285300000000001
0.8_20,16,A_independent,s1,8.260644800000001
0.8_20,16,A_independent,s2,10.1888912
0.8_20,16,A_independent,s3,11.285300000000001
0.8_20,17,A_dependent,s1,6.956272
0.8_20,17,A_dependent,s2,9.098768
0.8_20,17,A_dependent,s3,10.317
0.8_20,17,A_independent,s1,6.878
0.8_20,17,A_independent,s2,8.225840000000002
0.8_20,17,A_independent,s3,9.317
0.8_20,18,A_dependent,s1,4.938400000000001
0.8_20,18,A_dependent,s2,6.9176
0.8_20,18,A_dependent,s3,8.129999999999999
0.8_20,18,A_independent,s1,5.42
0.8_20,18,A_independent,s2,6.0680000000000005
0.8_20,18,A_independent,s3,7.13
0.8_20,19,A_dependent,s1,2.8
0.8_20,19,A_dependent,s2,4.5200000000000005
0.8_20,19,A_dependent,s3,5.7
0.8_20,19,A_independent,s1,3.8
0.8_20,19,A_independent,s2,3.8
0.8_20,19,A_independent,s3,4.7
0.8_20,20,A_dependent,s1,1.0
0.8_20,20,A_dependent,s2,2.0
0.8_20,20,A_dependent,s3,3.0
0.8_20,20,A_independent,s1,2.0
0.8_20,20,A_independent,s2,2.0
0.8_20,20,A_independent,s3,2.0
0.9_5,1,A_dependent,s1,9.11324602
0.9_5,1,A_dependent,s2,11.186405390000001
0.9_5,1,A_dependent,s3,12.285300000000001
0.9_5,1,A_independent,s1,8.4652751
0.9_5,1,A_independent,s2,10.2963539
0.9_5,1,A_independent,s3,11.285300000000001
0.9_5,2,A_dependent,s1,9.11324602
0.9_5,2,A_dependent,s2,11.186405390000001
0.9_5,2,A_dependent,s3,12.285300000000001
0.9_5,2,A_independent,s1,8.4652751
0.9_5,2,A_independent,s2,10.2963539
0.9_5,2,A_independent,s3,11.285300000000001
0.9_5,3,A_dependent,s1,9.11324602
0.9_5,3,A_dependent,s2,11.186405390000001
0.9_5,3,A_dependent,s3,12.285300000000001
0.9_5,3,A_independent,s1,8.4652751
0.9_5,3,A_independent,s2,10.2963539
0.9_5,3,A_independent,s3,11.285300000000001
0.9_5,4,A_dependent,s1,9.11324602
0.9_5,4,A_dependent,s2,11.186405390000001
0.9_5,4,A_dependent,s3,12.285300000000001
0.9_5,4,A_independent,s1,8.4652751
0.9_5,4,A_independent,s2,10.2963539
0.9_5,4,A_independent,s3,11.285300000000001
0.9_5,5,A_dependent,s1,9.11324602
0.9_5,5,A_dependent,s2,11.186405390000001
0.9_5,5,A_dependent,s3,12.285300000000001
0.9_5,5,A_independent,s1,8.4652751
0.9_5,5,A_independent,s2,10.2963539
0.9_5,5,A_independent,s3,11.285300000000001
0.9_10,1,A_dependent,s1,16.363701887513237
0.9_10,1,A_dependent,s2,18.44074569813722
0.9_10,1,A_dependent,s3,19.539646797000003
0.9_10,1,A_independent,s1,15.681296599782804
0.9_10,1,A_independent,s2,17.55063580837217
0.9_10,1,A_independent,s3,18.539646797000003
0.9_10,2,A_dependent,s1,16.363701887513237
0.9_10,2,A_dependent,s2,18.44074569813722
0.9_10,2,A_dependent,s3,19.539646797000003
0.9_10,2,A_independent,s1,15.681296599782804
0.9_10,2,A_independent,s2,17.55063580837217
0.9_10,2,A_independent,s3,18.539646797000003
0.9_10,3,A_dependent,s1,16.363701887513237
0.9_10,3,A_dependent,s2,18.44074569813722
0.9_10,3,A_dependent,s3,19.539646797000003
0.9_10,3,A_independent,s1,15.681296599782804
0.9_10,3,A_independent,s2,17.55063580837217
0.9_10,3,A_independent,s3,18.539646797000003
0.9_10,4,A_dependent,s1,16.363701887513237
0.9_10,4,A_dependent,s2,18.44074569813722
0.9_10,4,A_dependent,s3,19.539646797000003
0.9_10,4,A_independent,s1,15.681296599782804
0.9_10,4,A_independent,s2,17.55063580837217
0.9_10,4,A_independent,s3,18.539646797000003
0.9_10,5,A_dependent,s1,16.363701887513237
0.9_10,5,A_dependent,s2,18.44074569813722
0.9_10,5,A_dependent,s3,19.539646797000003
0.9_10,5,A_independent,s1,15.681296599782804
0.9_10,5,A_independent,s2,17.55063580837217
0.9_10,5,A_independent,s3,18.539646797000003
0.9_10,6,A_dependent,s1,16.363701887513237
0.9_10,6,A_dependent,s2,18.44074569813722
0.9_10,6,A_dependent,s3,19.539646797000003
0.9_10,6,A_independent,s1,15.681296599782804
0.9_10,6,A_independent,s2,17.55063580837217
0.9_10,6,A_independent,s3,18.539646797000003
0.9_10,7,A_dependent,s1,16.363701887513237
0.9_10,7,A_dependent,s2,18.44074569813722
0.9_10,7,A_dependent,s3,19.539646797000003
0.9_10,7,A_independent,s1,15.681296599782804
0.9_10,7,A_independent,s2,17.55063580837217
0.9_10,7,A_independent,s3,18.539646797000003
0.9_10,8,A_dependent,s1,16.363701887513237
0.9_10,8,A_dependent,s2,18.44074569813722
0.9_10,8,A_dependent,s3,19.539646797000003
0.9_10,8,A_independent,s1,15.681296599782804
0.9_10,8,A_independent,s2,17.55063580837217
0.9_10,8,A_independent,s3,18.539646797000003
0.9_10,9,A_dependent,s1,16.363701887513237
0.9_10,9,A_dependent,s2,18.44074569813722
0.9_10,9,A_dependent,s3,19.539646797000003
0.9_10,9,A_independent,s1,15.681296599782804
0.9_10,9,A_independent,s2,17.55063580837217
0.9_10,9,A_independent,s3,18.539646797000003
0.9_10,10,A_dependent,s1,16.363701887513237
0.9_10,10,A_dependent,s2,18.44074569813722
0.9_10,10,A_dependent,s3,19.539646797000003
0.9_10,10,A_independent,s1,15.681296599782804
0.9_10,10,A_independent,s2,17.55063580837217
0.9_10,10,A_independent,s3,18.539646797000003
0.9_20,1,A_dependent,s1,23.17675542809624
0.9_20,1,A_dependent,s2,25.25379926338183
0.9_20,1,A_dependent,s3,26.352700362282928
0.9_20,1,A_independent,s1,22.494349921514907
0.9_20,1,A_independent,s2,24.363689373271942
0.9_20,1,A_independent,s3,25.352700362282928
0.9_20,2,A_dependent,s1,22.77149991279434
0.9_20,2,A_dependent,s2,24.848543748079933
0.9_20,2,A_dependent,s3,25.947444846981032
0.9_20,2,A_independent,s1,22.089094406213007
0.9_20,2,A_independent,s2,23.958433857970043
0.9_20,2,A_independent,s3,24.947444846981032
0.9_20,3,A_dependent,s1,22.32121600690334
0.9_20,3,A_dependent,s2,24.398259842188935
0.9_20,3,A_dependent,s3,25.497160941090034
0.9_20,3,A_independent,s1,21.63881050032201
0.9_20,3,A_independent,s2,23.508149952079044
0.9_20,3,A_independent,s3,24.497160941090034
0.9_20,4,A_dependent,s1,21.820900555913344
0.9_20,4,A_dependent,s2,23.897944391198937
0.9_20,4,A_dependent,s3,24.996845490100036
0.9_20,4,A_independent,s1,21.138495049332025
0.9_20,4,A_independent,s2,23.007834501089047
0.9_20,4,A_independent,s3,23.996845490100036
0.9_20,5,A_dependent,s1,21.264994499257806
0.9_20,5,A_dependent,s2,23.342038334543386
0.9_20,5,A_dependent,s3,24.440939433444484
0.9_20,5,A_independent,s1,20.5825889926766
0.9_20,5,A_independent,s2,22.451928444433495
0.9_20,5,A_independent,s3,23.440939433444484
0.9_20,6,A_dependent,s1,20.647321102974
0.9_20,6,A_dependent,s2,22.724364938259438
0.9_20,6,A_dependent,s3,23.823266037160536
0.9_20,6,A_independent,s1,19.964915596394054
0.9_20,6,A_independent,s2,21.83425504814955
0.9_20,6,A_independent,s3,22.823266037160536
0.9_20,7,A_dependent,s1,19.961017329326726
0.9_20,7,A_dependent,s2,22.03806116461061
0.9_20,7,A_dependent,s3,23.136962263511705
0.9_20,7,A_independent,s1,19.278611822760567
0.9_20,7,A_independent,s2,21.147951274500745
0.9_20,7,A_independent,s3,22.136962263511705
0.9_20,8,A_dependent,s1,19.198457580845073
0.9_20,8,A_dependent,s2,21.275501416111936
0.9_20,8,A_dependent,s3,22.374402515013006
0.9_20,8,A_independent,s1,18.516052074430068
0.9_20,8,A_independent,s2,20.385391526002294
0.9_20,8,A_independent,s3,21.374402515013006
0.9_20,9,A_dependent,s1,18.351168971588965
0.9_20,9,A_dependent,s2,20.428212806669215
0.9_20,9,A_dependent,s3,21.527113905570005
0.9_20,9,A_independent,s1,17.668763466830605
0.9_20,9,A_independent,s2,19.538102916562117
0.9_20,9,A_independent,s3,20.527113905570005
0.9_20,10,A_dependent,s1,17.40973718536734
0.9_20,10,A_dependent,s2,19.48678101840235
0.9_20,10,A_dependent,s3,20.585682117300003
0.9_20,10,A_independent,s1,16.727331698761915
0.9_20,10,A_independent,s2,18.5966711283235
0.9_20,10,A_independent,s3,19.585682117300003
0.9_20,11,A_dependent,s1,16.363701887513237
0.9_20,11,A_dependent,s2,18.44074569813722
0.9_20,11,A_dependent,s3,19.539646797000003
0.9_20,11,A_independent,s1,15.681296599782804
0.9_20,11,A_independent,s2,17.55063580837217
0.9_20,11,A_independent,s3,18.539646797000003
0.9_20,12,A_dependent,s1,15.201440666425338
0.9_20,12,A_dependent,s2,17.278484231524637
0.9_20,12,A_dependent,s3,18.377385330000003
0.9_20,12,A_independent,s1,14.519037557035956
0.9_20,12,A_independent,s2,16.388374345246383
0.9_20,12,A_independent,s3,17.377385330000003
0.9_20,13,A_dependent,s1,13.910041730039952
0.9_20,13,A_dependent,s2,15.987082605829313
0.9_20,13,A_dependent,s3,17.0859837
0.9_20,13,A_independent,s1,13.227662475761601
0.9_20,13,A_independent,s2,15.096972758293102
0.9_20,13,A_independent,s3,16.0859837
0.9_20,14,A_dependent,s1,12.475180528624001
0.9_20,14,A_dependent,s2,14.552191953659003
0.9_20,14,A_dependent,s3,15.651093000000001
0.9_20,14,A_independent,s1,11.793062456930002
0.9_20,14,A_independent,s2,13.662082536590002
0.9_20,14,A_independent,s3,14.651093000000001
0.9_20,15,A_dependent,s1,10.881180507700002
0.9_20,15,A_dependent,s2,12.957869485100002
0.9_20,15,A_dependent,s3,14.056770000000002
0.9_20,15,A_independent,s1,10.201921418
0.9_20,15,A_independent,s2,12.067764851000002
0.9_20,15,A_independent,s3,13.056770000000002
0.9_20,16,A_dependent,s1,9.11324602
0.9_20,16,A_dependent,s2,11.186405390000001
0.9_20,16,A_dependent,s3,12.285300000000001
0.9_20,16,A_independent,s1,8.4652751
0.9_20,16,A_independent,s2,10.2963539
0.9_20,16,A_independent,s3,11.285300000000001
0.9_20,17,A_dependent,s1,7.183639
0.9_20,17,A_dependent,s2,9.218171
0.9_20,17,A_dependent,s3,10.317
0.9_20,17,A_independent,s1,6.878
0.9_20,17,A_independent,s2,8.328710000000001
0.9_20,17,A_independent,s3,9.317
0.9_20,18,A_dependent,s1,5.0761
0.9_20,18,A_dependent,s2,7.0319
0.9_20,18,A_dependent,s3,8.129999999999999
0.9_20,18,A_independent,s1,5.42
0.9_20,18,A_independent,s2,6.149
0.9_20,18,A_independent,s3,7.13
0.9_20,19,A_dependent,s1,2.8
0.9_20,19,A_dependent,s2,4.61
0.9_20,19,A_dependent,s3,5.7
0.9_20,19,A_independent,s1,3.8
0.9_20,19,A_independent,s2,3.8
0.9_20,19,A_independent,s3,4.7
0.9_20,20,A_dependent,s1,1.0
0.9_20,20,A_dependent,s2,2.0
0.9_20,20,A_dependent,s3,3.0
0.9_20,20,A_independent,s1,2.0
0.9_20,20,A_independent,s2,2.0
0.9_20,20,A_independent,s3,2.0
1.0_5,1,A_dependent,s1,9.3853
1.0_5,1,A_dependent,s2,11.285300000000001
1.0_5,1,A_dependent,s3,12.285300000000001
1.0_5,1,A_independent,s1,8.6753
1.0_5,1,A_independent,s2,10.3853
1.0_5,1,A_independent,s3,11.285300000000001
1.0_5,2,A_dependent,s1,9.3853
1.0_5,2,A_dependent,s2,11.285300000000001
1.0_5,2,A_dependent,s3,12.285300000000001
1.0_5,2,A_independent,s1,8.6753
1.0_5,2,A_independent,s2,10.3853
1.0_5,2,A_independent,s3,11.285300000000001
1.0_5,3,A_dependent,s1,9.3853
1.0_5,3,A_dependent,s2,11.285300000000001
1.0_5,3,A_dependent,s3,12.285300000000001
1.0_5,3,A_independent,s1,8.6753
1.0_5,3,A_independent,s2,10.3853
1.0_5,3,A_independent,s3,11.285300000000001
1.0_5,4,A_dependent,s1,9.3853
1.0_5,4,A_dependent,s2,11.285300000000001
1.0_5,4,A_dependent,s3,12.285300000000001
1.0_5,4,A_independent,s1,8.6753
1.0_5,4,A_independent,s2,10.3853
1.0_5,4,A_independent,s3,11.285300000000001
1.0_5,5,A_dependent,s1,9.3853
1.0_5,5,A_dependent,s2,11.285300000000001
1.0_5,5,A_dependent,s3,12.285300000000001
1.0_5,5,A_independent,s1,8.6753
1.0_5,5,A_independent,s2,10.3853
1.0_5,5,A_independent,s3,11.285300000000001
1.0_10,1,A_dependent,s1,16.639646797000005
1.0_10,1,A_dependent,s2,18.539646797000003
1.0_10,1,A_dependent,s3,19.539646797000003
1.0_10,1,A_independent,s1,15.929646797
1.0_10,1,A_independent,s2,17.639646797000005
1.0_10,1,A_independent,s3,18.539646797000003
1.0_10,2,A_dependent,s1,16.639646797000005
1.0_10,2,A_dependent,s2,18.539646797000003
1.0_10,2,A_dependent,s3,19.539646797000003
1.0_10,2,A_independent,s1,15.929646797
1.0_10,2,A_independent,s2,17.639646797000005
1.0_10,2,A_independent,s3,18.539646797000003
1.0_10,3,A_dependent,s1,16.639646797000005
1.0_10,3,A_dependent,s2,18.539646797000003
1.0_10,3,A_dependent,s3,19.539646797000003
1.0_10,3,A_independent,s1,15.929646797
1.0_10,3,A_independent,s2,17.639646797000005
1.0_10,3,A_independent,s3,18.539646797000003
1.0_10,4,A_dependent,s1,16.639646797000005
1.0_10,4,A_dependent,s2,18.539646797000003
1.0_10,4,A_dependent,s3,19.539646797000003
1.0_10,4,A_independent,s1,15.929646797
1.0_10,4,A_independent,s2,17.639646797000005
1.0_10,4,A_independent,s3,18.539646797000003
1.0_10,5,A_dependent,s1,16.639646797000005
1.0_10,5,A_dependent,s2,18.539646797000003
1.0_10,5,A_dependent,s3,19.539646797000003
1.0_10,5,A_independent,s1,15.929646797
1.0_10,5,A_independent,s2,17.639646797000005
1.0_10,5,A_independent,s3,18.539646797000003
1.0_10,6,A_dependent,s1,16.639646797000005
1.0_10,6,A_dependent,s2,18.539646797000003
1.0_10,6,A_dependent,s3,19.539646797000003
1.0_10,6,A_independent,s1,15.929646797
1.0_10,6,A_independent,s2,17.639646797000005
1.0_10,6,A_independent,s3,18.539646797000003
1.0_10,7,A_dependent,s1,16.639646797000005
1.0_10,7,A_dependent,s2,18.539646797000003
1.0_10,7,A_dependent,s3,19.539646797000003
1.0_10,7,A_independent,s1,15.929646797
1.0_10,7,A_independent,s2,17.639646797000005
1.0_10,7,A_independent,s3,18.539646797000003
1.0_10,8,A_dependent,s1,16.639646797000005
1.0_10,8,A_dependent,s2,18.539646797000003
1.0_10,8,A_dependent,s3,19.539646797000003
1.0_10,8,A_independent,s1,15.929646797
1.0_10,8,A_independent,s2,17.639646797000005
1.0_10,8,A_independent,s3,18.539646797000003
1.0_10,9,A_dependent,s1,16.639646797000005
1.0_10,9,A_dependent,s2,18.539646797000003
1.0_10,9,A_dependent,s3,19.539646797000003
1.0_10,9,A_independent,s1,15.929646797
1.0_10,9,A_independent,s2,17.639646797000005
1.0_10,9,A_independent,s3,18.539646797000003
1.0_10,10,A_dependent,s1,16.639646797000005
1.0_10,10,A_dependent,s2,18.539646797000003
1.0_10,10,A_dependent,s3,19.539646797000003
1.0_10,10,A_independent,s1,15.929646797
1.0_10,10,A_independent,s2,17.639646797000005
1.0_10,10,A_independent,s3,18.539646797000003
1.0_20,1,A_dependent,s1,23.45270036228293
1.0_20,1,A_dependent,s2,25.352700362282928
1.0_20,1,A_dependent,s3,26.352700362282928
1.0_20,1,A_independent,s1,22.74270036228293
1.0_20,1,A_independent,s2,24.45270036228293
1.0_20,1,A_independent,s3,25.352700362282928
1.0_20,2,A_dependent,s1,23.04744484698103
1.0_20,2,A_dependent,s2,24.947444846981032
1.0_20,2,A_dependent,s3,25.947444846981032
1.0_20,2,A_independent,s1,22.33744484698103
1.0_20,2,A_independent,s2,24.04744484698103
1.0_20,2,A_independent,s3,24.947444846981032
1.0_20,3,A_dependent,s1,22.59716094109003
1.0_20,3,A_dependent,s2,24.497160941090034
1.0_20,3,A_dependent,s3,25.497160941090034
1.0_20,3,A_independent,s1,21.887160941090034
1.0_20,3,A_independent,s2,23.59716094109003
1.0_20,3,A_independent,s3,24.497160941090034
1.0_20,4,A_dependent,s1,22.096845490100037
1.0_20,4,A_dependent,s2,23.996845490100036
1.0_20,4,A_dependent,s3,24.996845490100036
1.0_20,4,A_independent,s1,21.386845490100033
1.0_20,4,A_independent,s2,23.096845490100037
1.0_20,4,A_independent,s3,23.996845490100036
1.0_20,5,A_dependent,s1,21.540939433444482
1.0_20,5,A_dependent,s2,23.440939433444484
1.0_20,5,A_dependent,s3,24.440939433444484
1.0_20,5,A_independent,s1,20.83093943344448
1.0_20,5,A_independent,s2,22.540939433444482
1.0_20,5,A_independent,s3,23.440939433444484
1.0_20,6,A_dependent,s1,20.923266037160534
1.0_20,6,A_dependent,s2,22.823266037160536
1.0_20,6,A_dependent,s3,23.823266037160536
1.0_20,6,A_independent,s1,20.213266037160537
1.0_20,6,A_independent,s2,21.923266037160534
1.0_20,6,A_independent,s3,22.823266037160536
1.0_20,7,A_dependent,s1,20.236962263511707
1.0_20,7,A_dependent,s2,22.136962263511705
1.0_20,7,A_dependent,s3,23.136962263511705
1.0_20,7,A_independent,s1,19.526962263511706
1.0_20,7,A_independent,s2,21.236962263511707
1.0_20,7,A_independent,s3,22.136962263511705
1.0_20,8,A_dependent,s1,19.474402515013004
1.0_20,8,A_dependent,s2,21.374402515013006
1.0_20,8,A_dependent,s3,22.374402515013006
1.0_20,8,A_independent,s1,18.764402515013003
1.0_20,8,A_independent,s2,20.474402515013004
1.0_20,8,A_independent,s3,21.374402515013006
1.0_20,9,A_dependent,s1,18.627113905570003
1.0_20,9,A_dependent,s2,20.527113905570005
1.0_20,9,A_dependent,s3,21.527113905570005
1.0_20,9,A_independent,s1,17.917113905570005
1.0_20,9,A_independent,s2,19.627113905570003
1.0_20,9,A_independent,s3,20.527113905570005
1.0_20,10,A_dependent,s1,17.685682117300004
1.0_20,10,A_dependent,s2,19.585682117300003
1.0_20,10,A_dependent,s3,20.585682117300003
1.0_20,10,A_independent,s1,16.975682117300003
1.0_20,10,A_independent,s2,18.685682117300004
1.0_20,10,A_independent,s3,19.585682117300003
1.0_20,11,A_dependent,s1,16.639646797000005
1.0_20,11,A_dependent,s2,18.539646797000003
1.0_20,11,A_dependent,s3,19.539646797000003
1.0_20,11,A_independent,s1,15.929646797
1.0_20,11,A_independent,s2,17.639646797000005
1.0_20,11,A_independent,s3,18.539646797000003
1.0_20,12,A_dependent,s1,15.47738533
1.0_20,12,A_dependent,s2,17.377385330000003
1.0_20,12,A_dependent,s3,18.377385330000003
1.0_20,12,A_independent,s1,14.767385330000002
1.0_20,12,A_independent,s2,16.47738533
1.0_20,12,A_independent,s3,17.377385330000003
1.0_20,13,A_dependent,s1,14.185983700000001
1.0_20,13,A_dependent,s2,16.0859837
1.0_20,13,A_dependent,s3,17.0859837
1.0_20,13,A_independent,s1,13.475983700000002
1.0_20,13,A_independent,s2,15.185983700000001
1.0_20,13,A_independent,s3,16.0859837
1.0_20,14,A_dependent,s1,12.751093000000003
1.0_20,14,A_dependent,s2,14.651093000000001
1.0_20,14,A_dependent,s3,15.651093000000001
1.0_20,14,A_independent,s1,12.041093000000002
1.0_20,14,A_independent,s2,13.751093000000003
1.0_20,14,A_independent,s3,14.651093000000001
1.0_20,15,A_dependent,s1,11.156770000000002
1.0_20,15,A_dependent,s2,13.056770000000002
1.0_20,15,A_dependent,s3,14.056770000000002
1.0_20,15,A_independent,s1,10.44677
1.0_20,15,A_independent,s2,12.156770000000002
1.0_20,15,A_independent,s3,13.056770000000002
1.0_20,16,A_dependent,s1,9.3853
1.0_20,16,A_dependent,s2,11.285300000000001
1.0_20,16,A_dependent,s3,12.285300000000001
1.0_20,16,A_independent,s1,8.6753
1.0_20,16,A_independent,s2,10.3853
1.0_20,16,A_independent,s3,11.285300000000001
1.0_20,17,A_dependent,s1,7.417
1.0_20,17,A_dependent,s2,9.317
1.0_20,17,A_dependent,s3,10.317
1.0_20,17,A_independent,s1,6.878
1.0_20,17,A_independent,s2,8.417
1.0_20,17,A_independent,s3,9.317
1.0_20,18,A_dependent,s1,5.23
1.0_20,18,A_dependent,s2,7.13
1.0_20,18,A_dependent,s3,8.129999999999999
1.0_20,18,A_independent,s1,5.42
1.0_20,18,A_independent,s2,6.23
1.0_20,18,A_independent,s3,7.13
1.0_20,19,A_dependent,s1,2.8
1.0_20,19,A_dependent,s2,4.7
1.0_20,19,A_dependent,s3,5.7
1.0_20,19,A_independent,s1,3.8
1.0_20,19,A_independent,s2,3.8
1.0_20,19,A_independent,s3,4.7
1.0_20,20,A_dependent,s1,1.0
1.0_20,20,A_dependent,s2,2.0
1.0_20,20,A_dependent,s3,3.0
1.0_20,20,A_independent,s1,2.0
1.0_20,20,A_independent,s2,2.0
1.0_20,20,A_independent,s3,2.0
